"","x"
"1",0.18542834898411
"2",0.28530499267263
"3",0.366588078086907
"4",0.402452848114351
"5",0.370167058145959
"6",0.258674245640824
"7",0.0740742702537196
"8",-0.159141780255027
"9",-0.402064947311618
"10",-0.609862222631924
"11",-0.742555710543803
"12",-0.774979122340463
"13",-0.70295097597208
"14",-0.543849542382961
"15",-0.331527890083297
"16",-0.107253048251565
"17",0.0905155539711128
"18",0.234545709947425
"19",0.313320604265068
"20",0.330918141386283
"21",0.303108127887421
"22",0.25150640832433
"23",0.19783576279962
"24",0.159783133439267
"25",0.148947037997768
"26",0.170418604910047
"27",0.223048042116031
"28",0.299586890694748
"29",0.386529723003946
"30",0.464235480770035
"31",0.508353990082353
"32",0.49342065761377
"33",0.398694897136646
"34",0.215190330901541
"35",-0.0481439938620829
"36",-0.361504685894064
"37",-0.676473610395738
"38",-0.933964530043233
"39",-1.07663913167045
"40",-1.0629258702134
"41",-0.878891061881806
"42",-0.544437446022017
"43",-0.111644965082224
"44",0.344846658124809
"45",0.743306424971819
"46",1.01246635661626
"47",1.10679027254552
"48",1.01570671871849
"49",0.764702632092784
"50",0.408344016072891
"51",0.0173429370024684
"52",-0.336848626717539
"53",-0.596108750109775
"54",-0.725290596996104
"55",-0.715831701806181
"56",-0.583458504263014
"57",-0.36159073704944
"58",-0.0928500983616973
"59",0.17895759553889
"60",0.414769200557851
"61",0.583606255288916
"62",0.663890756595495
"63",0.643886458203752
"64",0.52235586493143
"65",0.30987185549078
"66",0.0302855721104845
"67",-0.278938818323385
"68",-0.569057928822981
"69",-0.786082049869627
"70",-0.880365928309153
"71",-0.818146425725255
"72",-0.592187217200272
"73",-0.228222568795527
"74",0.215514014362922
"75",0.656787124838876
"76",1.00480071078595
"77",1.17938577550138
"78",1.12939331133921
"79",0.845657368715412
"80",0.365134158800822
"81",-0.234951256420626
"82",-0.851581303696894
"83",-1.37559053509867
"84",-1.71198469541034
"85",-1.79667244682791
"86",-1.60664913953955
"87",-1.16251383505578
"88",-0.523946055528693
"89",0.220083377638906
"90",0.964232929475603
"91",1.60098069487443
"92",2.0347420340387
"93",2.19492700393587
"94",2.04691384885907
"95",1.59955771046509
"96",0.907510381284075
"97",0.0667288227043968
"98",-0.797602730013251
"99",-1.54993687903152
"100",-2.06729671608687
"101",-2.2619489404467
"102",-2.09883510397151
"103",-1.603489735063
"104",-0.858193382348739
"105",0.0130887030483682
"106",0.86767943739685
"107",1.56991810268376
"108",2.01408674331596
"109",2.1400889079542
"110",1.93961269180694
"111",1.45298480168637
"112",0.75889988915445
"113",-0.0398342342208202
"114",-0.831541431660683
"115",-1.50982376858828
"116",-1.9856072638567
"117",-2.19681224478799
"118",-2.11548528713142
"119",-1.75184547742086
"120",-1.15423430422196
"121",-0.403905959090021
"122",0.395743274679757
"123",1.13459134534589
"124",1.71339844612441
"125",2.0600279603493
"126",2.14055489978941
"127",1.96259502436518
"128",1.57020889919395
"129",1.03206829593377
"130",0.426400139376737
"131",-0.17311636066427
"132",-0.707066179211642
"133",-1.13404518697041
"134",-1.429094012595
"135",-1.57924976555207
"136",-1.57929694571427
"137",-1.43012918327908
"138",-1.14047852533755
"139",-0.730852787416244
"140",-0.237157870333997
"141",0.288756525105439
"142",0.783399163579577
"143",1.18073893168843
"144",1.42413799989585
"145",1.47789127626775
"146",1.33503881030725
"147",1.01918693977062
"148",0.579895072396175
"149",0.0830665349438776
"150",-0.400949018944063
"151",-0.808569740567286
"152",-1.09125822129788
"153",-1.21991207158535
"154",-1.18573662318258
"155",-0.998788870165947
"156",-0.685472047999925
"157",-0.285730022793525
"158",0.150084679738872
"159",0.565263638416571
"160",0.902352085710354
"161",1.11041751854049
"162",1.15320462307652
"163",1.01659036396095
"164",0.713390608761369
"165",0.283864973878969
"166",-0.208838770311662
"167",-0.687855728613265
"168",-1.07482699213268
"169",-1.30291621196479
"170",-1.32824804937769
"171",-1.13781240946518
"172",-0.752614008458093
"173",-0.225654535853128
"174",0.364962358884848
"175",0.926965860379113
"176",1.3676122967095
"177",1.60844728217457
"178",1.59905997366594
"179",1.32750717113655
"180",0.825170382776384
"181",0.16440845980569
"182",-0.551466860603418
"183",-1.20479536028828
"184",-1.68404686997089
"185",-1.90429134728162
"186",-1.82344457768489
"187",-1.45077416173673
"188",-0.845763580612697
"189",-0.107545997003328
"190",0.642837843868877
"191",1.28367326702724
"192",1.71312952798817
"193",1.86546937740099
"194",1.72045616084268
"195",1.30502509582921
"196",0.687686208953661
"197",-0.0328739994406009
"198",-0.743001712987535
"199",-1.33095664717029
"200",-1.70337356297797
"201",-1.79932023896939
"202",-1.60011032864563
"203",-1.13330072619737
"204",-0.469840415176982
"205",0.285780036861421
"206",1.01136523750271
"207",1.58660222017392
"208",1.91320423743569
"209",1.93203241546402
"210",1.63397987677198
"211",1.06248031476392
"212",0.307055560729721
"213",-0.511020843910508
"214",-1.25846693780598
"215",-1.81179640593229
"216",-2.07760541018536
"217",-2.00811981605364
"218",-1.60957845457548
"219",-0.942102145857495
"220",-0.110911781948628
"221",0.749989553554123
"222",1.49936503195302
"223",2.01222784988522
"224",2.20136901578308
"225",2.03304582161664
"226",1.53370497085319
"227",0.78610810978241
"228",-0.0847695164631925
"229",-0.933606915021451
"230",-1.62024958156638
"231",-2.03395895647721
"232",-2.11181221024319
"233",-1.84801101139701
"234",-1.29285749709276
"235",-0.542268292086743
"236",0.279606957480544
"237",1.0411669414292
"238",1.62395764169865
"239",1.94008157196402
"240",1.94432206145826
"241",1.63982255164701
"242",1.07694131419049
"243",0.345527597091507
"244",-0.438542284206149
"245",-1.15104818359767
"246",-1.67903316541408
"247",-1.93934367434425
"248",-1.89279810508744
"249",-1.55104325077636
"250",-0.974330689866141
"251",-0.260275197083239
"252",0.474290408590666
"253",1.11457070125674
"254",1.56762129981583
"255",1.77661393636425
"256",1.72698989837412
"257",1.4441040174851
"258",0.984062957458749
"259",0.420854106691423
"260",-0.166826290695272
"261",-0.706374967296867
"262",-1.13843043362196
"263",-1.42052807811802
"264",-1.52837198060747
"265",-1.45601072766419
"266",-1.21568150123741
"267",-0.837236158858747
"268",-0.366372994470817
"269",0.139251067865935
"270",0.616454469723792
"271",1.00499897501986
"272",1.25662093956462
"273",1.3426187853299
"274",1.25814030233755
"275",1.02212537787283
"276",0.673031660015517
"277",0.261561562334447
"278",-0.157769667979919
"279",-0.534408305534968
"280",-0.827631489178934
"281",-1.01007096059271
"282",-1.06913172363301
"283",-1.00685219227201
"284",-0.838653824299259
"285",-0.591109486934098
"286",-0.298608124492202
"287",0.00116125102910682
"288",0.272596905800311
"289",0.487582232518639
"290",0.629629970265934
"291",0.695545106485923
"292",0.69396410133434
"293",0.641107853323628
"294",0.555085824110522
"295",0.450671208381512
"296",0.33633208687249
"297",0.214442752084231
"298",0.0843259498423969
"299",-0.0533909360833764
"300",-0.193179165625397
"301",-0.3235238416059
"302",-0.429010667513166
"303",-0.494829206913388
"304",-0.511812566625877
"305",-0.479807177804775
"306",-0.407814613143367
"307",-0.310719623720424
"308",-0.203930789076092
"309",-0.0982402242032374
"310",0.00280808429477269
"311",0.101806452880045
"312",0.203064890157307
"313",0.306892819904819
"314",0.405346318133576
"315",0.481762191610889
"316",0.514874628320571
"317",0.486306193936029
"318",0.388590564431847
"319",0.230356061062707
"320",0.036177824524571
"321",-0.159393093994576
"322",-0.321771569841512
"323",-0.426675160031553
"324",-0.466926159702692
"325",-0.45301924314006
"326",-0.407134586369669
"327",-0.352881161242962
"328",-0.304834558126123
"329",-0.262139432877482
"330",-0.208945320716288
"331",-0.121787781684675
"332",0.01875734668586
"333",0.216631046641264
"334",0.45365243365299
"335",0.690612351938543
"336",0.876213614697293
"337",0.961082221487723
"338",0.912205600276044
"339",0.723001307528509
"340",0.415807739849575
"341",0.0362770011605705
"342",-0.358100844628183
"343",-0.711326712420443
"344",-0.979845269857167
"345",-1.13822510330674
"346",-1.17892782726771
"347",-1.10776608555753
"348",-0.937992073197578
"349",-0.685940031774064
"350",-0.369883844829901
"351",-0.0118832491811528
"352",0.359274402373865
"353",0.70665760812653
"354",0.987408552455872
"355",1.15917817789843
"356",1.18946160119368
"357",1.06502903584923
"358",0.798181768017923
"359",0.427319077949205
"360",0.0110055724946877
"361",-0.383245006633201
"362",-0.692624313363263
"363",-0.871587968095154
"364",-0.900212019791886
"365",-0.786563870185481
"366",-0.563016991354149
"367",-0.277966023954078
"368",0.0146933316940374
"369",0.265826947629473
"370",0.439101747362359
"371",0.515708509735525
"372",0.495548281492984
"373",0.395297621942044
"374",0.244092695163262
"375",0.0776644516518087
"376",-0.0682402149901232
"377",-0.164292854284574
"378",-0.192955269106347
"379",-0.151856156293762
"380",-0.0543919832397891
"381",0.0728293904170049
"382",0.195460613543028
"383",0.278852917086796
"384",0.295931653498489
"385",0.233733991956157
"386",0.0970336917386443
"387",-0.0918994028636494
"388",-0.297469787942808
"389",-0.478005156401447
"390",-0.594524697510792
"391",-0.619135111766658
"392",-0.541260629453135
"393",-0.370389429266514
"394",-0.134744762555232
"395",0.123894147873921
"396",0.358240691030522
"397",0.524868027677742
"398",0.593050453450063
"399",0.551274542950133
"400",0.410004709664305
"401",0.199986687812703
"402",-0.0337262759272817
"403",-0.240909939035693
"404",-0.376608420611187
"405",-0.41065501270225
"406",-0.334196963111753
"407",-0.161789717368738
"408",0.0713795240868013
"409",0.316487111621342
"410",0.520730101309405
"411",0.637594837764985
"412",0.635700201775048
"413",0.504641680716419
"414",0.256996066805623
"415",-0.0735746404916531
"416",-0.437546839845463
"417",-0.777116780497034
"418",-1.03500065640654
"419",-1.16329117624927
"420",-1.13124634147156
"421",-0.930949798143383
"422",-0.579906944120272
"423",-0.11990639673493
"424",0.388053812865503
"425",0.872315253181104
"426",1.26139109705824
"427",1.49528718947876
"428",1.53525970587078
"429",1.37017470920263
"430",1.01831430675564
"431",0.524440414569358
"432",-0.0470995782857342
"433",-0.621743489081314
"434",-1.12483558948162
"435",-1.49098759600448
"436",-1.6716805294328
"437",-1.64066391307039
"438",-1.39707709114271
"439",-0.966294668828042
"440",-0.39835113314461
"441",0.236369137154784
"442",0.854445307752223
"443",1.36960114402472
"444",1.70488580692004
"445",1.80514824348979
"446",1.64748780700182
"447",1.24728981776983
"448",0.658068186277878
"449",-0.0354519436350178
"450",-0.730085620309466
"451",-1.3205069370593
"452",-1.71607686572217
"453",-1.85509415841576
"454",-1.71408200715828
"455",-1.31088299525649
"456",-0.701577576855866
"457",0.0277755812152296
"458",0.773039618005143
"459",1.42588636368808
"460",1.88814705793622
"461",2.08525777766753
"462",1.97746396374108
"463",1.56737384419673
"464",0.902430628655863
"465",0.0711350889137901
"466",-0.80744250961876
"467",-1.60017742833744
"468",-2.18038572569094
"469",-2.44904807205474
"470",-2.35286887246363
"471",-1.89548255081829
"472",-1.13921770410309
"473",-0.19660359562054
"474",0.787167725578781
"475",1.65781432989794
"476",2.27740699385067
"477",2.54721811810671
"478",2.42406736484326
"479",1.92747024971617
"480",1.13648819300565
"481",0.176856135033079
"482",-0.799512069094259
"483",-1.63934457526352
"484",-2.21312733251344
"485",-2.43631876966991
"486",-2.28296012182413
"487",-1.78914937892075
"488",-1.04559499808046
"489",-0.180525556325981
"490",0.663810440150296
"491",1.3564411455648
"492",1.79975005815596
"493",1.94407575895487
"494",1.7923389142679
"495",1.39453734029772
"496",0.834219924640185
"497",0.210636171453081
"498",-0.37924224941112
"499",-0.85526978192341
"500",-1.16315407637757
"501",-1.27761850606254
"502",-1.20080216540905
"503",-0.95773598543765
"504",-0.590663838224636
"505",-0.153319503469906
"506",0.29456030441355
"507",0.692786353841952
"508",0.986706613172922
"509",1.13359783653018
"510",1.10877252691637
"511",0.910193862559056
"512",0.560299361373757
"513",0.104171650596225
"514",-0.395980804887226
"515",-0.869174388860918
"516",-1.24534841977067
"517",-1.46478397156949
"518",-1.48594808092444
"519",-1.29105721257546
"520",-0.889190070472618
"521",-0.317015198785516
"522",0.362923351371114
"523",1.0667286669117
"524",1.69702691807771
"525",2.15448248510016
"526",2.35241731750224
"527",2.23277651462406
"528",1.78047737189344
"529",1.03252773037688
"530",0.0786342794383774
"531",-0.948525432267417
"532",-1.89288641414573
"533",-2.60140002319544
"534",-2.95218157414372
"535",-2.87845175389295
"536",-2.38293888333956
"537",-1.53939254926181
"538",-0.480680115052048
"539",0.624159439739735
"540",1.59928244193182
"541",2.29211326160131
"542",2.59860911881204
"543",2.47948997859022
"544",1.9651423538916
"545",1.14899665668803
"546",0.171021088520806
"547",-0.805663415785501
"548",-1.62123718922677
"549",-2.14462489321713
"550",-2.29407273945652
"551",-2.04970240398238
"552",-1.45603434641959
"553",-0.614004766753383
"554",0.336263749892502
"555",1.23903167455865
"556",1.94874706982786
"557",2.35354448566417
"558",2.3923805556228
"559",2.06306967979705
"560",1.42032797690899
"561",0.564844380154205
"562",-0.374081958844811
"563",-1.25897914862371
"564",-1.96431442158369
"565",-2.39346402792114
"566",-2.49064120906274
"567",-2.24682689831454
"568",-1.69952161025189
"569",-0.926697664807535
"570",-0.0357629081026639
"571",0.851228335393901
"572",1.61440753669164
"573",2.15280215355178
"574",2.39849754046158
"575",2.32596135092699
"576",1.95489246806017
"577",1.34606597622752
"578",0.590971437344969
"579",-0.202771705421857
"580",-0.927528479889633
"581",-1.49055468675806
"582",-1.82553807769441
"583",-1.89957557981147
"584",-1.71537277440746
"585",-1.30915847980463
"586",-0.745100467664354
"587",-0.106967280049781
"588",0.512357794604566
"589",1.0228804510101
"590",1.35006097052157
"591",1.44643228618395
"592",1.30025268110676
"593",0.939067678584438
"594",0.426614774864402
"595",-0.147244393119355
"596",-0.682210350188888
"597",-1.08590999896212
"598",-1.29104724133922
"599",-1.26752048156115
"600",-1.02683961725109
"601",-0.618091604658787
"602",-0.116798013645236
"603",0.390366864149418
"604",0.821344996032614
"605",1.11168651849645
"606",1.22271767965091
"607",1.14438065733404
"608",0.893553632820801
"609",0.509350610956802
"610",0.046879372904975
"611",-0.429584564767087
"612",-0.853677831238464
"613",-1.16430838423731
"614",-1.31321056530669
"615",-1.27211408783441
"616",-1.03835371597913
"617",-0.63743417130636
"618",-0.121298560542436
"619",0.438141260735249
"620",0.959498163576932
"621",1.36461066917872
"622",1.59098709255637
"623",1.60156955806402
"624",1.39009765545416
"625",0.98144783359477
"626",0.427422953492521
"627",-0.20077994032898
"628",-0.82195048646843
"629",-1.3548161395412
"630",-1.72767609623292
"631",-1.88713329661455
"632",-1.80537624373497
"633",-1.48525004554619
"634",-0.962098407516313
"635",-0.301340158580971
"636",0.408819233666221
"637",1.06922885471471
"638",1.58470348562962
"639",1.879478162315
"640",1.91016690143096
"641",1.67345944746547
"642",1.20683942216507
"643",0.582149858403734
"644",-0.106588938281421
"645",-0.758549726025066
"646",-1.28166471980441
"647",-1.60572215982337
"648",-1.69119938775253
"649",-1.53310173191128
"650",-1.15998697435504
"651",-0.62891379633131
"652",-0.0172583275097808
"653",0.587648057796655
"654",1.10009127580085
"655",1.44764067999366
"656",1.58153530630127
"657",1.48421833600542
"658",1.17252928227499
"659",0.695576256872667
"660",0.127237919657023
"661",-0.445623669958331
"662",-0.937158569192593
"663",-1.27611696780109
"664",-1.41653341529524
"665",-1.3437507283389
"666",-1.07513765879668
"667",-0.655971936702345
"668",-0.151753117002159
"669",0.361492432624033
"670",0.807502956324048
"671",1.11963758931471
"672",1.24960040984512
"673",1.17443507169882
"674",0.90104944531652
"675",0.46732020637337
"676",-0.0611741573202248
"677",-0.599309639725936
"678",-1.05506355676872
"679",-1.34504550181383
"680",-1.41019031646671
"681",-1.22830324539957
"682",-0.820400553310957
"683",-0.248933351879617
"684",0.392236803352164
"685",0.994311459711
"686",1.45315292189041
"687",1.68799122166053
"688",1.65553776718681
"689",1.35697390672929
"690",0.836928877342752
"691",0.175207388256429
"692",-0.526731107611224
"693",-1.16191468722096
"694",-1.63397920378525
"695",-1.87103772828861
"696",-1.83568077215311
"697",-1.53010617707583
"698",-0.995921522665686
"699",-0.308655651495407
"700",0.432472290545571
"701",1.11840989192331
"702",1.64605720346379
"703",1.93381589384274
"704",1.93454277257658
"705",1.64375237520929
"706",1.10153967107854
"707",0.387649021329989
"708",-0.389785579592632
"709",-1.11027573424259
"710",-1.65945810132654
"711",-1.94726412683502
"712",-1.9229880161919
"713",-1.58478943084027
"714",-0.981830621542956
"715",-0.208213178381174
"716",0.610904535599548
"717",1.33927319405394
"718",1.85257488889845
"719",2.06053812406549
"720",1.92390834434027
"721",1.46265208860067
"722",0.753299105212573
"723",-0.084481969859961
"724",-0.90961533984575
"725",-1.585280220898
"726",-2.00320677292324
"727",-2.10168332138632
"728",-1.87394025224533
"729",-1.36592754456944
"730",-0.664937744012193
"731",0.117641034552618
"732",0.865386722474621
"733",1.4740425519183
"734",1.86441037309703
"735",1.99004038049849
"736",1.84010713161039
"737",1.43851019849467
"738",0.840187014583386
"739",0.125128398867484
"740",-0.609927332669118
"741",-1.26227855708188
"742",-1.73624603740332
"743",-1.95719944986382
"744",-1.88450027328075
"745",-1.52065852705745
"746",-0.914168468035845
"747",-0.154497044819255
"748",0.640671143037702
"749",1.344036399677
"750",1.83981322327494
"751",2.04341875721032
"752",1.91604011085403
"753",1.47149148978958
"754",0.774325763081117
"755",-0.0702312074259365
"756",-0.932642901343305
"757",-1.67900386360407
"758",-2.19150390153729
"759",-2.38643545480379
"760",-2.22716244118962
"761",-1.73012884440114
"762",-0.962890902889652
"763",-0.0342827341970662
"764",0.921926473687309
"765",1.76735835167742
"766",2.38000057448775
"767",2.67230775781381
"768",2.6034583304868
"769",2.18400386301346
"770",1.47269570554498
"771",0.566730140555061
"772",-0.41238250731465
"773",-1.33485640745384
"774",-2.07848082222982
"775",-2.54288862484026
"776",-2.66147256282948
"777",-2.4104139145009
"778",-1.81407353913959
"779",-0.945566041579177
"780",0.0788753526440762
"781",1.11271336871192
"782",1.9988333423573
"783",2.59406386271695
"784",2.79447499942758
"785",2.55623247699788
"786",1.90689643400966
"787",0.943704181084358
"788",-0.18174870465745
"789",-1.28970916121227
"790",-2.2039035312343
"791",-2.78188168746428
"792",-2.93789335872999
"793",-2.65428624813999
"794",-1.98043079210833
"795",-1.02104054179306
"796",0.0823910933876911
"797",1.17288169554048
"798",2.0986281154117
"799",2.73111488303045
"800",2.97996095441211
"801",2.80428889419263
"802",2.2200343685332
"803",1.30180139754166
"804",0.177324865993435
"805",-0.987003362173194
"806",-2.00948028974631
"807",-2.7227359793068
"808",-3.00452653004688
"809",-2.80293372213784
"810",-2.14945664217459
"811",-1.15577514283256
"812",0.00617653589376665
"813",1.13688683789933
"814",2.04736850999057
"815",2.59398546351031
"816",2.70238408240997
"817",2.37605294517509
"818",1.68918478351931
"819",0.767329498535615
"820",-0.238322557031018
"821",-1.1768319160651
"822",-1.91880654607742
"823",-2.37073482212106
"824",-2.48232849322617
"825",-2.24830094331209
"826",-1.70624664061979
"827",-0.931582468846808
"828",-0.0295316284925811
"829",0.876391707659614
"830",1.65956263735978
"831",2.20803811742127
"832",2.4423779410887
"833",2.32982494128043
"834",1.89117792394261
"835",1.19800433684427
"836",0.360146062726023
"837",-0.493978164587873
"838",-1.23986195913584
"839",-1.77718133499535
"840",-2.04372929674039
"841",-2.02092143420216
"842",-1.73117275838758
"843",-1.22937154477048
"844",-0.59154340700095
"845",0.09651755859858
"846",0.749022224708233
"847",1.28807274858695
"848",1.65025571170254
"849",1.7926152762384
"850",1.69802098228397
"851",1.37898838908528
"852",0.878350174409587
"853",0.265275271174985
"854",-0.373892317612068
"855",-0.948957491995096
"856",-1.38082323750809
"857",-1.61467374641105
"858",-1.62822061908715
"859",-1.43313028070605
"860",-1.06968068986292
"861",-0.596582754845319
"862",-0.0790782789417848
"863",0.421498139671505
"864",0.854494719352963
"865",1.18247365571081
"866",1.38050724669731
"867",1.43420990420622
"868",1.33848732019706
"869",1.09811822454283
"870",0.729963916763846
"871",0.265409786205012
"872",-0.248912841980644
"873",-0.753765753943756
"874",-1.18388945182243
"875",-1.47772933834347
"876",-1.588293044523
"877",-1.49254827713821
"878",-1.1969998065125
"879",-0.738016323389219
"880",-0.176775297930107
"881",0.410066586458377
"882",0.942038603951312
"883",1.34666170216123
"884",1.56947588772457
"885",1.58098305499284
"886",1.37990169447784
"887",0.992726227500955
"888",0.469985076401408
"889",-0.12018377591183
"890",-0.700395191198482
"891",-1.19347066026946
"892",-1.53203111701986
"893",-1.66719549797667
"894",-1.57535437024932
"895",-1.26212228252397
"896",-0.762845450985111
"897",-0.139414231623106
"898",0.526459887463851
"899",1.14294876359261
"900",1.61988389956732
"901",1.88137373529927
"902",1.87774229461603
"903",1.59504964673911
"904",1.06039746269033
"905",0.341460994914951
"906",-0.460664309719825
"907",-1.22513909966899
"908",-1.83005100735809
"909",-2.17319156340645
"910",-2.19109151881617
"911",-1.8722816279976
"912",-1.26154253104124
"913",-0.453623350520972
"914",0.42281333265043
"915",1.22799556525514
"916",1.8359397269388
"917",2.15627038107035
"918",2.14856011946118
"919",1.82663698779407
"920",1.25271300576489
"921",0.523469594457265
"922",-0.248224520524224
"923",-0.951853377031984
"924",-1.49461574872851
"925",-1.81161270456954
"926",-1.87052052532776
"927",-1.67172257437041
"928",-1.24547180057815
"929",-0.647468719469742
"930",0.0464924069953174
"931",0.746994090938458
"932",1.3592505217036
"933",1.79364571745589
"934",1.97822155227529
"935",1.87157429487943
"936",1.47352350287955
"937",0.830448640729077
"938",0.0326896018312419
"939",-0.797092931516664
"940",-1.52352656048703
"941",-2.02278209921692
"942",-2.20651138513253
"943",-2.04004420383826
"944",-1.55038563674908
"945",-0.821777056381781
"946",0.0204921609723577
"947",0.834496232601269
"948",1.48881460347783
"949",1.88636259932657
"950",1.97988219673303
"951",1.77632449827102
"952",1.33019769342971
"953",0.728564021017387
"954",0.0720371181013424
"955",-0.54353271140274
"956",-1.04095638664285
"957",-1.3692821644668
"958",-1.50517464121867
"959",-1.4497982513175
"960",-1.22359467408592
"961",-0.861059694025683
"962",-0.406641306314508
"963",0.0883037240881477
"964",0.568420122003204
"965",0.978251616078979
"966",1.26773049144185
"967",1.39889744619885
"968",1.35251870001953
"969",1.13273628016036
"970",0.76805946686821
"971",0.307857157750742
"972",-0.185253919402991
"973",-0.645558806276272
"974",-1.01467627235753
"975",-1.25003779412603
"976",-1.32986182712739
"977",-1.25413160758234
"978",-1.04211956154139
"979",-0.727662300267387
"980",-0.353516822064883
"981",0.0342022810850933
"982",0.391035184993577
"983",0.678592602388194
"984",0.868437219596803
"985",0.945273711003143
"986",0.908925816587745
"987",0.774353115262563
"988",0.56911049617094
"989",0.328240348613359
"990",0.0874416374439667
"991",-0.123863257683691
"992",-0.287619575777927
"993",-0.398808796552912
"994",-0.463133866032643
"995",-0.491517335839166
"996",-0.493406667039462
"997",-0.471433101939988
"998",-0.419602924911968
"999",-0.32597910558366
"1000",-0.179141280683608
"1001",0.0238046233892448
"1002",0.27068246540968
"1003",0.531911922016599
"1004",0.763853895946341
"1005",0.917450057385391
"1006",0.949977457512205
"1007",0.836627613917764
"1008",0.578565375221872
"1009",0.205124227519306
"1010",-0.230514251749776
"1011",-0.66100970404443
"1012",-1.01744236286811
"1013",-1.24180569251242
"1014",-1.29681512587386
"1015",-1.17143554880043
"1016",-0.881724130560972
"1017",-0.467563058174822
"1018",0.0136192101811791
"1019",0.494969237088991
"1020",0.909193364425922
"1021",1.19761636503636
"1022",1.31853126626773
"1023",1.2538733574555
"1024",1.01304397267701
"1025",0.632733217530539
"1026",0.172045602133733
"1027",-0.296859010386769
"1028",-0.701237773170142
"1029",-0.980943440102909
"1030",-1.09939454609426
"1031",-1.04971214123916
"1032",-0.854492391206698
"1033",-0.559301928605071
"1034",-0.221637625772851
"1035",0.101738360091573
"1036",0.365866764284626
"1037",0.544477914575338
"1038",0.63147093004093
"1039",0.637383206946329
"1040",0.582612983964015
"1041",0.489854548270307
"1042",0.378071885676716
"1043",0.259495373193145
"1044",0.139922096189174
"1045",0.0214642011657723
"1046",-0.0938150496440457
"1047",-0.201029624660502
"1048",-0.291535283944118
"1049",-0.354273535431812
"1050",-0.378871651825541
"1051",-0.359356369747549
"1052",-0.297140095812512
"1053",-0.202182196517491
"1054",-0.0918013686394906
"1055",0.0126765880064947
"1056",0.0906178440301267
"1057",0.126917400460857
"1058",0.115705149582888
"1059",0.0619268011661182
"1060",-0.0196629297047577
"1061",-0.107901424229954
"1062",-0.180201501217261
"1063",-0.217881394285081
"1064",-0.210495237067846
"1065",-0.158065638297621
"1066",-0.0706766135075481
"1067",0.0343920732886766
"1068",0.137125116607553
"1069",0.219530374724198
"1070",0.269365529138171
"1071",0.281889173804868
"1072",0.259381656723485
"1073",0.208938197165901
"1074",0.139591602462764
"1075",0.0599650839629976
"1076",-0.0226760552777543
"1077",-0.101794134144121
"1078",-0.169971602397769
"1079",-0.217482046332953
"1080",-0.232272630264447
"1081",-0.202113546389947
"1082",-0.118776752973053
"1083",0.0168861006113625
"1084",0.190802619951499
"1085",0.374419188053413
"1086",0.527658038685262
"1087",0.606242592915517
"1088",0.572127145923155
"1089",0.404577992989707
"1090",0.108894318732588
"1091",-0.279952796411832
"1092",-0.700386917363646
"1093",-1.07400265086391
"1094",-1.320355106529
"1095",-1.37373898202069
"1096",-1.19832174627504
"1097",-0.798235226432215
"1098",-0.220237450511568
"1099",0.451928343913194
"1100",1.11067853068143
"1101",1.64295723029654
"1102",1.95052846206358
"1103",1.9684954524952
"1104",1.67861324968244
"1105",1.1148197817447
"1106",0.359719144452561
"1107",-0.467697398870144
"1108",-1.23125825671814
"1109",-1.80062396891571
"1110",-2.07419111445073
"1111",-1.99784372742544
"1112",-1.57609693204704
"1113",-0.87340644908973
"1114",-0.00508031823340002
"1115",0.880970167225294
"1116",1.62878681695618
"1117",2.10122298896408
"1118",2.20459909651189
"1119",1.90687270587342
"1120",1.24594615402
"1121",0.326197896163788
"1122",-0.696839435093934
"1123",-1.64174960946274
"1124",-2.33268940977174
"1125",-2.63183739431209
"1126",-2.46694830693586
"1127",-1.84843611107764
"1128",-0.871850016378372
"1129",0.295910399768953
"1130",1.44513700563734
"1131",2.36188811683808
"1132",2.86934191568612
"1133",2.86353017903751
"1134",2.33573347433564
"1135",1.37632569458974
"1136",0.158710022458228
"1137",-1.09368415108524
"1138",-2.15062098233397
"1139",-2.8195263696878
"1140",-2.98204813923615
"1141",-2.6154338334931
"1142",-1.79488430762856
"1143",-0.677136902244513
"1144",0.530698969066706
"1145",1.61040309272678
"1146",2.37230740139233
"1147",2.68821169944188
"1148",2.51218910634146
"1149",1.88640235200129
"1150",0.931689624644312
"1151",-0.174946058921297
"1152",-1.23194114928545
"1153",-2.04861805126256
"1154",-2.47865654402108
"1155",-2.44596082058754
"1156",-1.95831076943199
"1157",-1.10604725057828
"1158",-0.0455982148116493
"1159",1.02946776852493
"1160",1.92455073596182
"1161",2.48027347270759
"1162",2.60160705486693
"1163",2.27400054655488
"1164",1.56347420741122
"1165",0.601210468403717
"1166",-0.443425813690272
"1167",-1.39518568677524
"1168",-2.10364041656599
"1169",-2.466457224442
"1170",-2.44178405198648
"1171",-2.04914457094868
"1172",-1.3607255919457
"1173",-0.486393366245878
"1174",0.444007327073528
"1175",1.29828321936343
"1176",1.95784300095983
"1177",2.33132906954423
"1178",2.36564134055813
"1179",2.05376043250963
"1180",1.43815774631781
"1181",0.608182426398749
"1182",-0.309878699422091
"1183",-1.17017665890163
"1184",-1.83036120815145
"1185",-2.17663560611518
"1186",-2.14581328914135
"1187",-1.7393090140199
"1188",-1.02535230218944
"1189",-0.128222028835243
"1190",0.793709765490559
"1191",1.57672149450104
"1192",2.08136505096026
"1193",2.2170445561418
"1194",1.95701407157351
"1195",1.34155760682047
"1196",0.46963284818029
"1197",-0.518655816134968
"1198",-1.4651445080653
"1199",-2.21831428010771
"1200",-2.6560416041809
"1201",-2.70356165139128
"1202",-2.34461981095993
"1203",-1.62453373166278
"1204",-0.644618836100922
"1205",0.451715739234009
"1206",1.49981994140946
"1207",2.33899296538665
"1208",2.83827012493601
"1209",2.91841938466052
"1210",2.56595115628757
"1211",1.8361315383438
"1212",0.844026217535735
"1213",-0.25495723125862
"1214",-1.2913425043709
"1215",-2.10959374638005
"1216",-2.59258930893744
"1217",-2.67831863499458
"1218",-2.36647435078279
"1219",-1.71483390729159
"1220",-0.827245871598847
"1221",0.163788033854405
"1222",1.11666076795561
"1223",1.89951494300085
"1224",2.40640869461658
"1225",2.56960445202154
"1226",2.36731935675209
"1227",1.82647932400814
"1228",1.02006439744418
"1229",0.0587886428525377
"1230",-0.922656892106888
"1231",-1.78370878294594
"1232",-2.39823332201743
"1233",-2.67396059431601
"1234",-2.56759794388116
"1235",-2.09257482582391
"1236",-1.31759111347179
"1237",-0.355927949233736
"1238",0.652617932333627
"1239",1.56380897028717
"1240",2.25097190696398
"1241",2.62309895364866
"1242",2.63628755127228
"1243",2.29731768105343
"1244",1.65974742405252
"1245",0.814113040756176
"1246",-0.125576709077001
"1247",-1.03686087587855
"1248",-1.80357911462392
"1249",-2.32911090848798
"1250",-2.54726640741797
"1251",-2.43015784111463
"1252",-1.99234081479746
"1253",-1.29044838621878
"1254",-0.417668328275132
"1255",0.507106474479489
"1256",1.35477988439171
"1257",2.00448079957885
"1258",2.36222469485144
"1259",2.37656146564764
"1260",2.04807840880493
"1261",1.43050005681704
"1262",0.622631608222864
"1263",-0.247786042608077
"1264",-1.04553021042719
"1265",-1.65069898978722
"1266",-1.97855267275005
"1267",-1.99266475387083
"1268",-1.70903544165049
"1269",-1.19068403222158
"1270",-0.534153321702455
"1271",0.149097547308774
"1272",0.752589070706818
"1273",1.19218222346807
"1274",1.41787287744297
"1275",1.41834956027137
"1276",1.21823762739941
"1277",0.869416236432294
"1278",0.438822658811736
"1279",-0.00443316926719345
"1280",-0.400064754940343
"1281",-0.703916903444885
"1282",-0.890874878724731
"1283",-0.953778623793385
"1284",-0.89961557644173
"1285",-0.744695236981864
"1286",-0.510421146537824
"1287",-0.220730384839294
"1288",0.0985525663564185
"1289",0.419045430493647
"1290",0.709020207502096
"1291",0.933854841153824
"1292",1.05872429423267
"1293",1.05374294331836
"1294",0.900780261169251
"1295",0.600293224912382
"1296",0.176059195875795
"1297",-0.324144590920227
"1298",-0.83305981257595
"1299",-1.27353188248385
"1300",-1.57162546590751
"1301",-1.67061649344219
"1302",-1.5427251540128
"1303",-1.19579170043926
"1304",-0.67319602385255
"1305",-0.0468960716523298
"1306",0.594924176764717
"1307",1.16289644915553
"1308",1.58101600705142
"1309",1.79785343982704
"1310",1.79260340454742
"1311",1.57549162176926
"1312",1.18333273471764
"1313",0.671883217662094
"1314",0.106896560746138
"1315",-0.444494059663466
"1316",-0.92105167253652
"1317",-1.27300746428683
"1318",-1.46601296352784
"1319",-1.48368675223194
"1320",-1.32883267742515
"1321",-1.0231707556907
"1322",-0.605287853382151
"1323",-0.126617603399745
"1324",0.354395035541047
"1325",0.779322587303455
"1326",1.09696357788774
"1327",1.26957803104196
"1328",1.27718771793293
"1329",1.11943766909878
"1330",0.815067426726613
"1331",0.399474071524415
"1332",-0.078988907858623
"1333",-0.563466151886291
"1334",-0.993607493230702
"1335",-1.31120391042545
"1336",-1.46657075810885
"1337",-1.42550747103883
"1338",-1.17611141396991
"1339",-0.734131354916747
"1340",-0.145206018333844
"1341",0.517510999090386
"1342",1.16110282722073
"1343",1.68559354918849
"1344",1.99985818570031
"1345",2.03793141532418
"1346",1.77245685573287
"1347",1.22234900471146
"1348",0.452791610186788
"1349",-0.432799129086081
"1350",-1.30764281822645
"1351",-2.04081515766314
"1352",-2.51761497624318
"1353",-2.65777470661131
"1354",-2.4286626197609
"1355",-1.85145820490181
"1356",-0.99931817165727
"1357",0.012344763282223
"1358",1.04225817054089
"1359",1.94414109549828
"1360",2.58896347756901
"1361",2.88507918563569
"1362",2.79273773142616
"1363",2.33019339067057
"1364",1.57002639770453
"1365",0.626170907742524
"1366",-0.365893703055484
"1367",-1.27180304287458
"1368",-1.97920727686061
"1369",-2.41282060588362
"1370",-2.54111357494021
"1371",-2.37434875726239
"1372",-1.95583516800452
"1373",-1.34975159685435
"1374",-0.629221055119958
"1375",0.132546620979126
"1376",0.866926934347621
"1377",1.51113172892468
"1378",2.00815787073875
"1379",2.30788175444319
"1380",2.37094881602772
"1381",2.17551327336598
"1382",1.72513791999999
"1383",1.05497583063729
"1384",0.233228652495997
"1385",-0.644084983702318
"1386",-1.46514560076644
"1387",-2.1191681671068
"1388",-2.51455556274792
"1389",-2.59437407550182
"1390",-2.3458355020092
"1391",-1.80204828979376
"1392",-1.03620700508613
"1393",-0.149996573173804
"1394",0.741155163365067
"1395",1.52335465229871
"1396",2.09808475763589
"1397",2.39351462531737
"1398",2.37282246496274
"1399",2.0392545684277
"1400",1.43741636894222
"1401",0.649974504341434
"1402",-0.21104483404374
"1403",-1.0185506360525
"1404",-1.64921056653355
"1405",-2.00418380902614
"1406",-2.02785193979174
"1407",-1.72019681196242
"1408",-1.13925583751175
"1409",-0.392059342595059
"1410",0.384837777213126
"1411",1.05143907190507
"1412",1.49137833846948
"1413",1.63395275202858
"1414",1.46627889486842
"1415",1.03318061435523
"1416",0.425412500660701
"1417",-0.240487071798858
"1418",-0.84575131441937
"1419",-1.29110621852504
"1420",-1.51244957105253
"1421",-1.48818521063616
"1422",-1.23805211362902
"1423",-0.81506680591072
"1424",-0.293229885178196
"1425",0.246151731616573
"1426",0.727126705267816
"1427",1.08912685649647
"1428",1.29353705129944
"1429",1.32659474202858
"1430",1.19879361285833
"1431",0.9412100319754
"1432",0.599387321020071
"1433",0.225664029608828
"1434",-0.128914888897658
"1435",-0.421823625284909
"1436",-0.624233587984847
"1437",-0.723354080494757
"1438",-0.721780202755366
"1439",-0.634394359934118
"1440",-0.483908831783194
"1441",-0.29632700430614
"1442",-0.0973715660545085
"1443",0.0896304379085205
"1444",0.244582557660891
"1445",0.350859377571405
"1446",0.395783329808189
"1447",0.371892658382864
"1448",0.27897377760077
"1449",0.126192062065375
"1450",-0.0667593742536138
"1451",-0.270558991940269
"1452",-0.4497852610146
"1453",-0.568841521798323
"1454",-0.599178752498885
"1455",-0.526109873584144
"1456",-0.353389217530402
"1457",-0.104165036529544
"1458",0.182218185058854
"1459",0.457048290159439
"1460",0.671279091154424
"1461",0.784826798227037
"1462",0.774180006772028
"1463",0.636835901096068
"1464",0.391835604830335
"1465",0.076500919643829
"1466",-0.259834519164637
"1467",-0.563880014124284
"1468",-0.786869699762531
"1469",-0.892202865915817
"1470",-0.861200466208935
"1471",-0.696219812494595
"1472",-0.420676777957795
"1473",-0.0758632928388552
"1474",0.285159254565627
"1475",0.605862631592076
"1476",0.835570957860265
"1477",0.938265742358566
"1478",0.899223804205182
"1479",0.72804721523817
"1480",0.457221356516732
"1481",0.136203516561274
"1482",-0.177978174951706
"1483",-0.43178803736798
"1484",-0.585599160566616
"1485",-0.621196707683097
"1486",-0.544697516488733
"1487",-0.384240780706372
"1488",-0.183014725428259
"1489",0.0107260459378887
"1490",0.15430995167576
"1491",0.219515342487499
"1492",0.197706498106136
"1493",0.100262964866813
"1494",-0.0454897761110383
"1495",-0.203559791360009
"1496",-0.337793318556652
"1497",-0.419476960773831
"1498",-0.432334083727952
"1499",-0.374057445356014
"1500",-0.254526890953812
"1501",-0.091732442859498
"1502",0.0930863306533193
"1503",0.27958610450378
"1504",0.450730574426414
"1505",0.593208780164069
"1506",0.696383074632046
"1507",0.750818531131223
"1508",0.74754656762906
"1509",0.678856082206913
"1510",0.540712490744472
"1511",0.336123998600301
"1512",0.0781880616891182
"1513",-0.208615033709863
"1514",-0.489969420059166
"1515",-0.726422019201259
"1516",-0.880559428718497
"1517",-0.925108600597389
"1518",-0.849913340696339
"1519",-0.665812357198649
"1520",-0.404095528068255
"1521",-0.111280497142534
"1522",0.159855955195647
"1523",0.361065136388475
"1524",0.458784882339936
"1525",0.441312275462423
"1526",0.321308822266895
"1527",0.133037251740739
"1528",-0.0750601595384606
"1529",-0.250787492615501
"1530",-0.349333373428135
"1531",-0.342727941082108
"1532",-0.225656560345749
"1533",-0.0165088831261773
"1534",0.246414614721797
"1535",0.512606732339866
"1536",0.729274386841246
"1537",0.851416120674777
"1538",0.850081121488659
"1539",0.717326167974705
"1540",0.467154007629635
"1541",0.132572614670056
"1542",-0.240338904575371
"1543",-0.599997616756534
"1544",-0.897040006270208
"1545",-1.09095026136842
"1546",-1.1548051625028
"1547",-1.07787877096398
"1548",-0.866279365324011
"1549",-0.542000450161737
"1550",-0.140735725387662
"1551",0.291382767043581
"1552",0.702159290384623
"1553",1.03889569253835
"1554",1.25499746113071
"1555",1.31703623737984
"1556",1.211154201837
"1557",0.94732409799141
"1558",0.559992407084871
"1559",0.104159969022844
"1560",-0.35305423634121
"1561",-0.744102202877687
"1562",-1.01360799677242
"1563",-1.12898497202945
"1564",-1.08639629397626
"1565",-0.910411276896376
"1566",-0.647296635653722
"1567",-0.353582539045038
"1568",-0.0828423471457329
"1569",0.125892140342858
"1570",0.255159437817247
"1571",0.309963644425073
"1572",0.312730698762191
"1573",0.294172907144098
"1574",0.28294166009643
"1575",0.297072230506076
"1576",0.339454061568029
"1577",0.398195083974731
"1578",0.451260092117579
"1579",0.473623082397929
"1580",0.444694838990543
"1581",0.354031151279968
"1582",0.204107822485521
"1583",0.00992721757956505
"1584",-0.203952129795729
"1585",-0.407925642396282
"1586",-0.572330455457004
"1587",-0.672110642982174
"1588",-0.690688485194083
"1589",-0.622776093248725
"1590",-0.475876405001992
"1591",-0.270125535508756
"1592",-0.036095776790853
"1593",0.189619479292237
"1594",0.370722012592706
"1595",0.478429694318657
"1596",0.497997259054873
"1597",0.432697947554961
"1598",0.303780713649339
"1599",0.145869257640969
"1600",-0.00141535647039548
"1601",-0.103565714352301
"1602",-0.140242511900961
"1603",-0.110573024515722
"1604",-0.0329747142773288
"1605",0.0606085493154128
"1606",0.134442574332892
"1607",0.159821945280593
"1608",0.123702715056629
"1609",0.0325385143675032
"1610",-0.0897986089246943
"1611",-0.209297063714101
"1612",-0.291991941872094
"1613",-0.313948454173037
"1614",-0.268107041867568
"1615",-0.166117844701558
"1616",-0.0348562360985288
"1617",0.0911457746849561
"1618",0.179064483528378
"1619",0.206359280390295
"1620",0.166420477771329
"1621",0.0701134177174111
"1622",-0.0568419377288008
"1623",-0.179775426358651
"1624",-0.262807391064805
"1625",-0.276816492609166
"1626",-0.206171731270631
"1627",-0.0530758329837316
"1628",0.16126541993764
"1629",0.3990353541613
"1630",0.611682864618394
"1631",0.748637214912735
"1632",0.767572862531609
"1633",0.644353352859729
"1634",0.380471274202973
"1635",0.00596666130887624
"1636",-0.42345221473058
"1637",-0.835131373770563
"1638",-1.15264671030502
"1639",-1.31080688339199
"1640",-1.26921729814765
"1641",-1.02133106871023
"1642",-0.596920584518985
"1643",-0.057448345419679
"1644",0.514550826610555
"1645",1.02970618448539
"1646",1.40673244108468
"1647",1.58530487629864
"1648",1.53494531897208
"1649",1.25901115490542
"1650",0.79380936559769
"1651",0.203457538691982
"1652",-0.428641754107695
"1653",-1.01080746703751
"1654",-1.45560590688366
"1655",-1.69270476240353
"1656",-1.68046949253723
"1657",-1.41434758323728
"1658",-0.930037596232565
"1659",-0.299963106417444
"1660",0.377269897709717
"1661",0.993162482731766
"1662",1.44850194604079
"1663",1.67151897492138
"1664",1.63101407634498
"1665",1.34144821505213
"1666",0.858876891022123
"1667",0.268841785277092
"1668",-0.330746853772603
"1669",-0.847672405756891
"1670",-1.21048597914524
"1671",-1.37784241763826
"1672",-1.34113066529079
"1673",-1.12119833550356
"1674",-0.761172673970106
"1675",-0.317726353207646
"1676",0.147320076938659
"1677",0.574081796131771
"1678",0.910301843831336
"1679",1.11606344916543
"1680",1.16785472284426
"1681",1.06180124302387
"1682",0.815275631702835
"1683",0.465794468999304
"1684",0.066384584838681
"1685",-0.322554649166152
"1686",-0.643720273420488
"1687",-0.853526599473634
"1688",-0.930264124331283
"1689",-0.877564941905549
"1690",-0.722091875258519
"1691",-0.505946176167944
"1692",-0.275789090771434
"1693",-0.0716041997811315
"1694",0.0819118063508806
"1695",0.179162559167515
"1696",0.231927930379137
"1697",0.262936136829553
"1698",0.296816808517138
"1699",0.351108128719427
"1700",0.429807443090717
"1701",0.521125319368127
"1702",0.599918845474543
"1703",0.634084399195095
"1704",0.593272077850994
"1705",0.457811763987977
"1706",0.225750294257823
"1707",-0.0836752077929181
"1708",-0.431080323340465
"1709",-0.762560107991643
"1710",-1.019052783715
"1711",-1.1477848932222
"1712",-1.11358095059075
"1713",-0.907643155336158
"1714",-0.551712167955778
"1715",-0.0963218657842851
"1716",0.386950481915419
"1717",0.817999718987865
"1718",1.1230703235497
"1719",1.24891992125842
"1720",1.17322885119581
"1721",0.90899256700628
"1722",0.501973853270983
"1723",0.0218525522329243
"1724",-0.450915999180416
"1725",-0.839684463274479
"1726",-1.08467126418264
"1727",-1.15209979899792
"1728",-1.03807972256316
"1729",-0.76710283358205
"1730",-0.386078743718876
"1731",0.0444924797444491
"1732",0.460398506590405
"1733",0.803012027531644
"1734",1.02680301930526
"1735",1.1043702465092
"1736",1.02875739244193
"1737",0.813169603214456
"1738",0.488439772054441
"1739",0.0987346017119135
"1740",-0.303935794087142
"1741",-0.665820652139378
"1742",-0.937587224156384
"1743",-1.08004324283775
"1744",-1.06900526882638
"1745",-0.89894200880549
"1746",-0.585016017085729
"1747",-0.163101046417866
"1748",0.312671137820443
"1749",0.775181507764447
"1750",1.15244387202448
"1751",1.37804520105984
"1752",1.40265009549129
"1753",1.20461554708977
"1754",0.79735849377188
"1755",0.231253795477982
"1756",-0.411365251411247
"1757",-1.02815755488334
"1758",-1.51406827108871
"1759",-1.78084924909819
"1760",-1.77478952891506
"1761",-1.48867591727182
"1762",-0.965051394511126
"1763",-0.289681882869283
"1764",0.423675429442792
"1765",1.05414822564056
"1766",1.49597805041298
"1767",1.6775913785785
"1768",1.57381409249241
"1769",1.20911833143055
"1770",0.651722883083988
"1771",0.00017430145203623
"1772",-0.634665186984859
"1773",-1.14871236046091
"1774",-1.46147297426945
"1775",-1.52792863422999
"1776",-1.34394823288806
"1777",-0.944872020466833
"1778",-0.398024459125854
"1779",0.209220957211025
"1780",0.783666361408076
"1781",1.24048157857467
"1782",1.51524369745953
"1783",1.57221765007656
"1784",1.40799230573702
"1785",1.05037297656615
"1786",0.553130063059528
"1787",-0.0123085140719746
"1788",-0.566912431891589
"1789",-1.03456076019699
"1790",-1.3518803148605
"1791",-1.47646729913674
"1792",-1.392682589054
"1793",-1.11429257906906
"1794",-0.683342133544424
"1795",-0.164919735043114
"1796",0.362001015900906
"1797",0.816700807555013
"1798",1.13005669302074
"1799",1.2566656222158
"1800",1.18316757313404
"1801",0.930696720524676
"1802",0.550555813065763
"1803",0.113780134497195
"1804",-0.303198963524652
"1805",-0.633540573288232
"1806",-0.832194052633905
"1807",-0.882633745720409
"1808",-0.796937240974868
"1809",-0.609774906469748
"1810",-0.368369284638411
"1811",-0.121271296922112
"1812",0.0912927394434796
"1813",0.243596171818517
"1814",0.326435383689044
"1815",0.345494025253639
"1816",0.317278088299464
"1817",0.264018313431997
"1818",0.208637794992303
"1819",0.170393767193476
"1820",0.161421098886878
"1821",0.184305924734359
"1822",0.230974876867136
"1823",0.283395232320467
"1824",0.316578117881931
"1825",0.303983338981738
"1826",0.224666548229056
"1827",0.0706381523904757
"1828",-0.147695193910926
"1829",-0.400105749188834
"1830",-0.640424063879741
"1831",-0.81556588592787
"1832",-0.877902917268815
"1833",-0.797891151784952
"1834",-0.573444699714652
"1835",-0.233195330284687
"1836",0.167640674470505
"1837",0.558035498929343
"1838",0.865970428368799
"1839",1.03363971589018
"1840",1.02937462243184
"1841",0.853640643187853
"1842",0.538109477805438
"1843",0.138541002830748
"1844",-0.276476855658265
"1845",-0.638285765176447
"1846",-0.889899985192257
"1847",-0.994863051184416
"1848",-0.942172498857191
"1849",-0.746965864429326
"1850",-0.447191088132926
"1851",-0.0968444670584902
"1852",0.243326027783061
"1853",0.516389981454701
"1854",0.679425292390321
"1855",0.711425959039115
"1856",0.617127678630005
"1857",0.425576090379426
"1858",0.183383776104002
"1859",-0.0560090802623333
"1860",-0.244558807333309
"1861",-0.350231799184835
"1862",-0.36322224544537
"1863",-0.296178540615951
"1864",-0.178576784422145
"1865",-0.0471033409013885
"1866",0.0649552451309591
"1867",0.136152035757551
"1868",0.160838589529172
"1869",0.147889132913114
"1870",0.115145065035405
"1871",0.0818112203367306
"1872",0.0614767256461831
"1873",0.0579564829689764
"1874",0.0649995301038238
"1875",0.0695459113770328
"1876",0.0571179182646729
"1877",0.0174340042880968
"1878",-0.0514921803314735
"1879",-0.141831844129994
"1880",-0.237205052505872
"1881",-0.3161965023087
"1882",-0.357161066836194
"1883",-0.343252358605142
"1884",-0.266719813378996
"1885",-0.131708593483928
"1886",0.0450191345670761
"1887",0.235824649714094
"1888",0.406478259075085
"1889",0.522599560294434
"1890",0.557242113124337
"1891",0.498012692963162
"1892",0.351797784655079
"1893",0.145380244863556
"1894",-0.0789357587992463
"1895",-0.27225342675231
"1896",-0.390693593468023
"1897",-0.406755720391116
"1898",-0.317240641663906
"1899",-0.145272927442826
"1900",0.064481886128411
"1901",0.256384054780122
"1902",0.377469802206923
"1903",0.390598243384008
"1904",0.283693947114543
"1905",0.0728519818686811
"1906",-0.201192483731099
"1907",-0.482002187245567
"1908",-0.709359630538599
"1909",-0.831364679809633
"1910",-0.814295037566602
"1911",-0.648701957951722
"1912",-0.351195498119615
"1913",0.0378669507173134
"1914",0.46016166930903
"1915",0.847868215547055
"1916",1.13394805473715
"1917",1.2631323725006
"1918",1.20215229740492
"1919",0.947394577611264
"1920",0.528111569378882
"1921",0.00380155580180003
"1922",-0.544539132697232
"1923",-1.02811869510175
"1924",-1.3664134528897
"1925",-1.5021389429979
"1926",-1.41174511930114
"1927",-1.10911292909465
"1928",-0.641880164109528
"1929",-0.0817001792003383
"1930",0.488879674897518
"1931",0.989771572589968
"1932",1.35431787449426
"1933",1.53648783850142
"1934",1.51427582549108
"1935",1.29023185970163
"1936",0.890274536237907
"1937",0.36145505748999
"1938",-0.231472065725823
"1939",-0.81143830954208
"1940",-1.29717873719357
"1941",-1.61410016197039
"1942",-1.7066784877696
"1943",-1.54995466934538
"1944",-1.15711108388486
"1945",-0.580524777763056
"1946",0.0948956707909072
"1947",0.765291457349648
"1948",1.32565120174536
"1949",1.68796775133271
"1950",1.79587884239547
"1951",1.63300235569239
"1952",1.22393580866655
"1953",0.628678606855434
"1954",-0.0675333065807548
"1955",-0.766618478265785
"1956",-1.37030785458522
"1957",-1.79189550079473
"1958",-1.96657783207527
"1959",-1.86007697070878
"1960",-1.47492939183923
"1961",-0.853274428943155
"1962",-0.0746638988945605
"1963",0.752254892112892
"1964",1.50422063244516
"1965",2.06239736355708
"1966",2.33273965330866
"1967",2.26349152314077
"1968",1.85579881420253
"1969",1.16479365195033
"1970",0.290725556910092
"1971",-0.637921254356798
"1972",-1.48561568854438
"1973",-2.13090873232408
"1974",-2.4836998215908
"1975",-2.49628111728884
"1976",-2.16752220540486
"1977",-1.54093956260079
"1978",-0.698058710623985
"1979",0.251582501810282
"1980",1.18289406898175
"1981",1.96963249180084
"1982",2.50012629037264
"1983",2.69309386690374
"1984",2.51142798812048
"1985",1.97116032098732
"1986",1.14288689007444
"1987",0.14398347968407
"1988",-0.878171133626061
"1989",-1.76953044872609
"1990",-2.39500437694844
"1991",-2.66127710539015
"1992",-2.53221763174625
"1993",-2.03396328465608
"1994",-1.24910470866809
"1995",-0.301708395647162
"1996",0.663451297133401
"1997",1.50345359272166
"1998",2.09793706383891
"1999",2.3652788235081
"2000",2.27272250923001
"2001",1.83987296946053
"2002",1.13557405626244
"2003",0.268546020604245
"2004",-0.627476486174396
"2005",-1.41278798321143
"2006",-1.96280553937507
"2007",-2.18823782879582
"2008",-2.05085327712154
"2009",-1.5715702709625
"2010",-0.828667731145697
"2011",0.0542629515960705
"2012",0.928854840598735
"2013",1.64732777952382
"2014",2.0879119419782
"2015",2.17556528538223
"2016",1.89428343483093
"2017",1.28910024886287
"2018",0.457905220782809
"2019",-0.465033070719382
"2020",-1.33077671336871
"2021",-1.999114814324
"2022",-2.3601970641828
"2023",-2.35144169455778
"2024",-1.96746152252786
"2025",-1.26159999991326
"2026",-0.338662461466442
"2027",0.660421132417326
"2028",1.5800217049504
"2029",2.27419706020225
"2030",2.63014434573463
"2031",2.58672061367005
"2032",2.14473995188374
"2033",1.36719828224386
"2034",0.369446033362636
"2035",-0.69883070656362
"2036",-1.6765959928741
"2037",-2.41559004769792
"2038",-2.80196174994233
"2039",-2.77255776250449
"2040",-2.3240617091786
"2041",-1.51417409788396
"2042",-0.454821089150953
"2043",0.701987177103395
"2044",1.78440232266989
"2045",2.62507772941349
"2046",3.08669531029385
"2047",3.08495261587238
"2048",2.60491236257649
"2049",1.7070621227718
"2050",0.520873861284775
"2051",-0.774059306258448
"2052",-1.97659304391373
"2053",-2.89730950276321
"2054",-3.39025993232289
"2055",-3.3771340774766
"2056",-2.85944831941293
"2057",-1.91694105293839
"2058",-0.693192804305293
"2059",0.628199084865979
"2060",1.8522752959336
"2061",2.80144501869782
"2062",3.34029625496954
"2063",3.39367815572401
"2064",2.95641437296648
"2065",2.0939072263935
"2066",0.933559216166897
"2067",-0.352399318239162
"2068",-1.57118613414845
"2069",-2.53815277144989
"2070",-3.10590315084384
"2071",-3.18896899653972
"2072",-2.779168310092
"2073",-1.94800105973349
"2074",-0.834821703581329
"2075",0.377440033283688
"2076",1.49438100876925
"2077",2.3435901711422
"2078",2.80279225410011
"2079",2.8174377927015
"2080",2.40518233982981
"2081",1.6477637519572
"2082",0.673344501137278
"2083",-0.366214461099367
"2084",-1.3186348791753
"2085",-2.05156741766292
"2086",-2.46801357188779
"2087",-2.51618071947967
"2088",-2.19391128364716
"2089",-1.54799680078167
"2090",-0.668517775858001
"2091",0.321740563232338
"2092",1.28242805438333
"2093",2.07416457025027
"2094",2.57828653576519
"2095",2.71480286971093
"2096",2.45536767143743
"2097",1.82872056173543
"2098",0.917407950798699
"2099",-0.153714878427655
"2100",-1.23519610706262
"2101",-2.17399086434473
"2102",-2.83464590279232
"2103",-3.11795667536743
"2104",-2.97505129973574
"2105",-2.41546254918808
"2106",-1.50816036385069
"2107",-0.374841984109173
"2108",0.824706837627857
"2109",1.91439748326689
"2110",2.72853101453087
"2111",3.13951035283166
"2112",3.08143301877267
"2113",2.56422343023649
"2114",1.67423835607875
"2115",0.559980463346154
"2116",-0.594921549204041
"2117",-1.60597243846256
"2118",-2.32174808724836
"2119",-2.64989733881363
"2120",-2.56966791334274
"2121",-2.12901540433556
"2122",-1.42835700005014
"2123",-0.596191316220776
"2124",0.236802316006973
"2125",0.959228210945779
"2126",1.49231407214788
"2127",1.79436782374512
"2128",1.85810910253858
"2129",1.70395051921365
"2130",1.37220300526896
"2131",0.916030465388231
"2132",0.395522484584892
"2133",-0.127756435293403
"2134",-0.596516690888662
"2135",-0.963887737976982
"2136",-1.19904447761448
"2137",-1.29071962122317
"2138",-1.24712699774867
"2139",-1.09181529330354
"2140",-0.856447755783152
"2141",-0.572785330347243
"2142",-0.266596304860433
"2143",0.044471636008251
"2144",0.348630174677793
"2145",0.634754366336138
"2146",0.887044455307482
"2147",1.08251350670478
"2148",1.19314428321474
"2149",1.19256090881247
"2150",1.06501419270344
"2151",0.813259478912563
"2152",0.46206004677358
"2153",0.0555523049989733
"2154",-0.351036873749775
"2155",-0.702748218876443
"2156",-0.955696002367994
"2157",-1.08408617016563
"2158",-1.08185281087764
"2159",-0.959482615548228
"2160",-0.738340129422128
"2161",-0.445386666005138
"2162",-0.110387492699483
"2163",0.234064482796306
"2164",0.551257451170772
"2165",0.800414518651035
"2166",0.940382616162877
"2167",0.937588315542593
"2168",0.776576786223261
"2169",0.469508952680435
"2170",0.0603711678391795
"2171",-0.379207734149938
"2172",-0.763018065555301
"2173",-1.00952332764279
"2174",-1.06210857952013
"2175",-0.904291149098103
"2176",-0.565110171164416
"2177",-0.11285776547391
"2178",0.361075700188608
"2179",0.763482937908367
"2180",1.01966493535928
"2181",1.08745800901814
"2182",0.962049967863093
"2183",0.671810494188569
"2184",0.268026182833848
"2185",-0.187292271440356
"2186",-0.63178418202187
"2187",-1.0092872534224
"2188",-1.27274031628081
"2189",-1.38527800992309
"2190",-1.32180805839184
"2191",-1.07250100723792
"2192",-0.647920723933606
"2193",-0.0838117160086911
"2194",0.557340529088449
"2195",1.1904783320382
"2196",1.71878183774191
"2197",2.04980878607561
"2198",2.11363020160715
"2199",1.87856595162042
"2200",1.36041558320255
"2201",0.622622089863106
"2202",-0.23293154689358
"2203",-1.08254429968012
"2204",-1.80120874395091
"2205",-2.28293086489454
"2206",-2.45723282894277
"2207",-2.29935872135918
"2208",-1.83309151436588
"2209",-1.12634024479457
"2210",-0.280575604571171
"2211",0.584216796043981
"2212",1.34701892376589
"2213",1.90338753090893
"2214",2.18072780782054
"2215",2.14886520608739
"2216",1.82403473489414
"2217",1.26537398090044
"2218",0.564358268787515
"2219",-0.170935556805141
"2220",-0.833712107273531
"2221",-1.33500776287281
"2222",-1.61584258248429
"2223",-1.65309461530823
"2224",-1.45881663108284
"2225",-1.07422630592571
"2226",-0.560566087431408
"2227",0.0107967834147126
"2228",0.567223404042977
"2229",1.04178675890086
"2230",1.37852096228323
"2231",1.53661248135223
"2232",1.49415209255512
"2233",1.25150232051525
"2234",0.833580949683821
"2235",0.289818477685869
"2236",-0.309466481537848
"2237",-0.880912589519288
"2238",-1.33972748798224
"2239",-1.61339540992895
"2240",-1.65489031294122
"2241",-1.45251228717213
"2242",-1.03393373191211
"2243",-0.463167484595592
"2244",0.169342152925317
"2245",0.761833806259666
"2246",1.21877532645544
"2247",1.46756564987326
"2248",1.47128171061945
"2249",1.23511599815301
"2250",0.80531664692483
"2251",0.260792003112608
"2252",-0.301153005433264
"2253",-0.782424923774103
"2254",-1.10192965474141
"2255",-1.21026784331188
"2256",-1.09854118389035
"2257",-0.79949310691598
"2258",-0.380626418647079
"2259",0.0694879967468963
"2260",0.459086183415415
"2261",0.711708473050396
"2262",0.781534392255544
"2263",0.662350986843358
"2264",0.388243824481192
"2265",0.0258421636305237
"2266",-0.340238540415034
"2267",-0.625638554434202
"2268",-0.764259573298009
"2269",-0.722170269099496
"2270",-0.504456742658157
"2271",-0.15362533868252
"2272",0.259966206713838
"2273",0.653418378470605
"2274",0.9488674229923
"2275",1.0894173107974
"2276",1.04997963076467
"2277",0.840841130283507
"2278",0.503536835706918
"2279",0.100419141874788
"2280",-0.299279606528146
"2281",-0.633448742192956
"2282",-0.857990245234449
"2283",-0.95249639176173
"2284",-0.920150085380846
"2285",-0.782821242682221
"2286",-0.573419222981922
"2287",-0.327911794424869
"2288",-0.0790058724986483
"2289",0.147467748659878
"2290",0.333519996965784
"2291",0.468205573403171
"2292",0.546247204607583
"2293",0.567005121222218
"2294",0.534095063727177
"2295",0.455322840370962
"2296",0.342274253227026
"2297",0.209032333150025
"2298",0.0700092189504883
"2299",-0.0625016976715704
"2300",-0.18007382045407
"2301",-0.278332519032135
"2302",-0.355335836604261
"2303",-0.408790720776551
"2304",-0.433475860817965
"2305",-0.420428059381189
"2306",-0.35890233050597
"2307",-0.240970932832113
"2308",-0.0673167271167552
"2309",0.148127529063369
"2310",0.377072282337181
"2311",0.580685847299635
"2312",0.717988266523014
"2313",0.756632666603672
"2314",0.682657457282603
"2315",0.505752087773509
"2316",0.257853123005049
"2317",-0.0149100859874709
"2318",-0.264552652892018
"2319",-0.4538826529811
"2320",-0.565276664031365
"2321",-0.602714379829662
"2322",-0.586600708776187
"2323",-0.543501922074963
"2324",-0.494745727230341
"2325",-0.448187502705888
"2326",-0.396185975758716
"2327",-0.320436903951523
"2328",-0.201692948911516
"2329",-0.0305443079781536
"2330",0.184961206891199
"2331",0.417891440802907
"2332",0.627933360396124
"2333",0.772043821014326
"2334",0.81666101440465
"2335",0.747436175856445
"2336",0.573439627164922
"2337",0.324789721385023
"2338",0.0448558526062558
"2339",-0.220211533443162
"2340",-0.431383019899796
"2341",-0.563512030035993
"2342",-0.607808100831628
"2343",-0.570411765381549
"2344",-0.468516637867565
"2345",-0.325743844283979
"2346",-0.168007121096953
"2347",-0.0202896850318945
"2348",0.095935785549131
"2349",0.165128969201915
"2350",0.180114512928517
"2351",0.144085474699262
"2352",0.0712392647245007
"2353",-0.0149217675749886
"2354",-0.0860265079667676
"2355",-0.115425275816529
"2356",-0.0853610633124292
"2357",0.00738779181028071
"2358",0.149291383230139
"2359",0.312229521532534
"2360",0.459627522339913
"2361",0.55491059604467
"2362",0.56994272267328
"2363",0.491250160793168
"2364",0.322681737516598
"2365",0.0843500091835434
"2366",-0.191259214525972
"2367",-0.464609202844362
"2368",-0.694599339986612
"2369",-0.84353617669481
"2370",-0.881557828751175
"2371",-0.790802730597609
"2372",-0.569410834184386
"2373",-0.234821406354
"2374",0.174849821279915
"2375",0.602855891277079
"2376",0.980354131611135
"2377",1.23733528689124
"2378",1.31629601866683
"2379",1.18564329842805
"2380",0.849241031555505
"2381",0.349062347433139
"2382",-0.240463794591126
"2383",-0.825597039412421
"2384",-1.31100060951925
"2385",-1.61782422405942
"2386",-1.69791630493288
"2387",-1.54112248337328
"2388",-1.17461849944504
"2389",-0.655328715276289
"2390",-0.0580277099073488
"2391",0.53770145435581
"2392",1.0589032592738
"2393",1.44743440394946
"2394",1.66452348890768
"2395",1.69229494857367
"2396",1.53323732083218
"2397",1.2084389011341
"2398",0.754962338950104
"2399",0.222316994011094
"2400",-0.332139520777798
"2401",-0.848827808947511
"2402",-1.2721512104517
"2403",-1.55647180395429
"2404",-1.67095753409827
"2405",-1.60263553974714
"2406",-1.35744039161925
"2407",-0.959491428719357
"2408",-0.449051757681641
"2409",0.120478369389559
"2410",0.686506298671353
"2411",1.18241521464228
"2412",1.54427799886197
"2413",1.71905242698546
"2414",1.67345060515792
"2415",1.40185670766602
"2416",0.931161447492857
"2417",0.320519103120614
"2418",-0.345074945800668
"2419",-0.967024355350156
"2420",-1.44922533736297
"2421",-1.71483845781943
"2422",-1.72017090537004
"2423",-1.4626833315373
"2424",-0.981516398030351
"2425",-0.350672818352815
"2426",0.333443375987391
"2427",0.967467022819443
"2428",1.45664832576121
"2429",1.72821225501465
"2430",1.74098722764667
"2431",1.49061240455465
"2432",1.01018853394655
"2433",0.366485889981449
"2434",-0.34807771653011
"2435",-1.02728121143518
"2436",-1.56589073010632
"2437",-1.87578553848335
"2438",-1.90103005893147
"2439",-1.62903703523692
"2440",-1.0951492999112
"2441",-0.37894701896112
"2442",0.407771789729489
"2443",1.1394921705858
"2444",1.69851204541825
"2445",1.99522843204844
"2446",1.98314197620438
"2447",1.66577050329875
"2448",1.09452138018975
"2449",0.358525299631598
"2450",-0.431041868989381
"2451",-1.15886741079428
"2452",-1.72244117988879
"2453",-2.04556145211475
"2454",-2.08699238452211
"2455",-1.84387830248348
"2456",-1.35027617716353
"2457",-0.671590818075311
"2458",0.104138746847569
"2459",0.877107865913656
"2460",1.54772907068197
"2461",2.02859793229767
"2462",2.25521989743431
"2463",2.19427356883254
"2464",1.84834885062028
"2465",1.25644702587436
"2466",0.490017544828358
"2467",-0.355155362312042
"2468",-1.17040234787
"2469",-1.84773252301099
"2470",-2.29398830333063
"2471",-2.44387674990265
"2472",-2.27009709446135
"2473",-1.78890199739991
"2474",-1.05981276094723
"2475",-0.178914368584225
"2476",0.733841106254797
"2477",1.55174461159691
"2478",2.16024308268565
"2479",2.47443699064558
"2480",2.45200419314122
"2481",2.09919069002507
"2482",1.46889200452856
"2483",0.651463837306796
"2484",-0.239693774140866
"2485",-1.08491601092878
"2486",-1.77450083437165
"2487",-2.2220986465914
"2488",-2.37398597739855
"2489",-2.21393256505543
"2490",-1.76401058036658
"2491",-1.08186070138236
"2492",-0.254740765280877
"2493",0.609566562034303
"2494",1.39489822548994
"2495",1.99135991231507
"2496",2.31108831050181
"2497",2.30280914885052
"2498",1.96229879243918
"2499",1.33601092900869
"2500",0.516160141550855
"2501",-0.37271189323514
"2502",-1.19368155679889
"2503",-1.82025584409684
"2504",-2.15762181652768
"2505",-2.15821168873871
"2506",-1.8287622830831
"2507",-1.22793133456081
"2508",-0.455449503849204
"2509",0.364757923059724
"2510",1.10432599326902
"2511",1.64993762910298
"2512",1.91990993144538
"2513",1.87594706739447
"2514",1.52878619814149
"2515",0.937015596310925
"2516",0.198894279586896
"2517",-0.562280555702799
"2518",-1.2177365197685
"2519",-1.65506136422271
"2520",-1.79866145195217
"2521",-1.62476757019794
"2522",-1.16740804032135
"2523",-0.513300923350534
"2524",0.214051767764854
"2525",0.878216985939056
"2526",1.3567030397965
"2527",1.56498998978057
"2528",1.47240785316944
"2529",1.1064863619849
"2530",0.545188402031608
"2531",-0.100703740293925
"2532",-0.710641278495492
"2533",-1.17750839982549
"2534",-1.42617559354546
"2535",-1.42421253023976
"2536",-1.18369265557502
"2537",-0.755035114856003
"2538",-0.215231361784129
"2539",0.346627243148735
"2540",0.843793810706408
"2541",1.20422237486567
"2542",1.37958290800399
"2543",1.35036898848976
"2544",1.12699936311255
"2545",0.747108270328488
"2546",0.269461139332925
"2547",-0.234777047810468
"2548",-0.692342688276424
"2549",-1.03834456438921
"2550",-1.22535750383953
"2551",-1.22973507412109
"2552",-1.05419937935041
"2553",-0.726452883933485
"2554",-0.29428759082419
"2555",0.181759233673485
"2556",0.636876552249984
"2557",1.01030145803617
"2558",1.25250759681408
"2559",1.33066218869404
"2560",1.23208444261443
"2561",0.965629128520264
"2562",0.560976574214222
"2563",0.0658143491567209
"2564",-0.459049796407975
"2565",-0.946429091902292
"2566",-1.33084309977265
"2567",-1.55709573492897
"2568",-1.588221727523
"2569",-1.41158143180026
"2570",-1.04202260987506
"2571",-0.521390187091441
"2572",0.0858184028799554
"2573",0.700281666276911
"2574",1.23826033476087
"2575",1.62324879901708
"2576",1.79726815456216
"2577",1.73011757166142
"2578",1.42504498276365
"2579",0.919692623143072
"2580",0.281815947586972
"2581",-0.399892049977405
"2582",-1.02864536311676
"2583",-1.5140887078023
"2584",-1.78608002657455
"2585",-1.8053618027845
"2586",-1.56931270961176
"2587",-1.11192598765318
"2588",-0.498268629086692
"2589",0.18535282590705
"2590",0.843696100374659
"2591",1.38541137392344
"2592",1.7347389791946
"2593",1.84092712121326
"2594",1.68470277369125
"2595",1.28141816909997
"2596",0.680565369036912
"2597",-0.0386688586190035
"2598",-0.776028817777796
"2599",-1.42279371684192
"2600",-1.87737023831953
"2601",-2.06189188322045
"2602",-1.93697658821145
"2603",-1.51144561252317
"2604",-0.844268485990395
"2605",-0.0373234363558388
"2606",0.780496665486552
"2607",1.47524022971464
"2608",1.93172746141505
"2609",2.07442984076172
"2610",1.88110832197584
"2611",1.38649804006622
"2612",0.675512554451597
"2613",-0.132358795015963
"2614",-0.904124563055908
"2615",-1.51572286118443
"2616",-1.87186350562386
"2617",-1.92023619614541
"2618",-1.65832651605512
"2619",-1.13239461626786
"2620",-0.42927064218337
"2621",0.337574233801328
"2622",1.04566861421566
"2623",1.58249915798735
"2624",1.86315537830455
"2625",1.84400550418275
"2626",1.53006794010628
"2627",0.974521153095914
"2628",0.270029804713694
"2629",-0.466918702637209
"2630",-1.11600811143954
"2631",-1.57374146333648
"2632",-1.77082134781282
"2633",-1.68298860526984
"2634",-1.33345236951426
"2635",-0.7868451445105
"2636",-0.136357441229929
"2637",0.51308160722359
"2638",1.06225699716493
"2639",1.43274184530916
"2640",1.57744166713189
"2641",1.48554879125254
"2642",1.18186071019616
"2643",0.721165278415428
"2644",0.17884616025965
"2645",-0.360903058700531
"2646",-0.817732219827114
"2647",-1.1270321784202
"2648",-1.24942259553107
"2649",-1.17632258165683
"2650",-0.930535649037309
"2651",-0.56154605204349
"2652",-0.13621534996308
"2653",0.273443820444926
"2654",0.603043069614256
"2655",0.806601807647518
"2656",0.86325012284502
"2657",0.778728602034013
"2658",0.581773844466452
"2659",0.316592025171454
"2660",0.0333440491632371
"2661",-0.221255781707341
"2662",-0.411458941916653
"2663",-0.517017466744928
"2664",-0.534391385546483
"2665",-0.47493226379742
"2666",-0.3607738333074
"2667",-0.219372040358424
"2668",-0.0777004918742863
"2669",0.0429091702346792
"2670",0.130373747981553
"2671",0.183194337464478
"2672",0.209167607872859
"2673",0.221670563983428
"2674",0.234372252736719
"2675",0.255795120548175
"2676",0.285396074319052
"2677",0.312582718725708
"2678",0.319300595930409
"2679",0.285706041997941
"2680",0.197331786552927
"2681",0.0514684688837873
"2682",-0.139470099425771
"2683",-0.348993552730956
"2684",-0.541992634042661
"2685",-0.683116363123821
"2686",-0.745530027011802
"2687",-0.717318146277032
"2688",-0.60355882074925
"2689",-0.423571441467917
"2690",-0.204504939335337
"2691",0.0263231244579377
"2692",0.247573723948545
"2693",0.446437198890118
"2694",0.616972692711839
"2695",0.755327976066358
"2696",0.854230217834634
"2697",0.899525247325481
"2698",0.870848466586027
"2699",0.746965194959873
"2700",0.514469039332994
"2701",0.177038698095904
"2702",-0.238130397834565
"2703",-0.679552085378133
"2704",-1.07763511836494
"2705",-1.35709988112104
"2706",-1.4529984642029
"2707",-1.32651467621439
"2708",-0.976563852046852
"2709",-0.444109377923408
"2710",0.192216786400547
"2711",0.828621374040815
"2712",1.35441970110326
"2713",1.67248314301677
"2714",1.717849864786
"2715",1.470866920067
"2716",0.962291958980324
"2717",0.26928950138139
"2718",-0.497064745353659
"2719",-1.21058954066788
"2720",-1.75173773166753
"2721",-2.02829612318911
"2722",-1.99121357057402
"2723",-1.64262658779625
"2724",-1.03467507965764
"2725",-0.25954868881655
"2726",0.567032065367213
"2727",1.32543880656473
"2728",1.91096598587216
"2729",2.2484603466694
"2730",2.3005936499258
"2731",2.06926386250652
"2732",1.59115463746482
"2733",0.929500404825421
"2734",0.164359315750089
"2735",-0.616775762927546
"2736",-1.32711261360664
"2737",-1.88746286593144
"2738",-2.23250046227856
"2739",-2.31694073097552
"2740",-2.12163569793786
"2741",-1.65874264552719
"2742",-0.974421126516318
"2743",-0.147321137925648
"2744",0.718366805280077
"2745",1.50539021494499
"2746",2.10007635068588
"2747",2.41044893184763
"2748",2.38237434817613
"2749",2.01036751234272
"2750",1.3406125081702
"2751",0.465293828931114
"2752",-0.49091109945071
"2753",-1.38979695580346
"2754",-2.10071160190141
"2755",-2.52018653580132
"2756",-2.58702352437635
"2757",-2.29072070418016
"2758",-1.67232899170509
"2759",-0.818008409038694
"2760",0.15348003281672
"2761",1.10744299246414
"2762",1.91181197283195
"2763",2.4552081255994
"2764",2.6622411646038
"2765",2.50407176331268
"2766",2.00276678611649
"2767",1.22867651032599
"2768",0.290936943392879
"2769",-0.677828799150949
"2770",-1.5406016464233
"2771",-2.17611465066227
"2772",-2.49697275821992
"2773",-2.46280993845334
"2774",-2.08623453331167
"2775",-1.43045416517348
"2776",-0.598878988310345
"2777",0.281588374696585
"2778",1.0807414334134
"2779",1.68529759193729
"2780",2.01577482041499
"2781",2.03731830865907
"2782",1.76295616146019
"2783",1.24916609221607
"2784",0.584962078266766
"2785",-0.123301363225992
"2786",-0.768719046827197
"2787",-1.25956460076747
"2788",-1.53176660510627
"2789",-1.55665645393144
"2790",-1.34330560520422
"2791",-0.935501366612963
"2792",-0.404018507944355
"2793",0.164670340200904
"2794",0.681714829585301
"2795",1.069415592425
"2796",1.27299398006448
"2797",1.26872779476427
"2798",1.06699890761695
"2799",0.709574512932072
"2800",0.261487285944572
"2801",-0.201018294211042
"2802",-0.604130409626426
"2803",-0.888982258587183
"2804",-1.02057808458072
"2805",-0.991559558273607
"2806",-0.820499568529442
"2807",-0.54568812421042
"2808",-0.216299231408017
"2809",0.116850641110152
"2810",0.409061428569687
"2811",0.626914981807809
"2812",0.750653657033321
"2813",0.774295468727627
"2814",0.704309896957898
"2815",0.557546239691029
"2816",0.358717385031002
"2817",0.137372800776947
"2818",-0.0758124917281838
"2819",-0.253362532035817
"2820",-0.375386333699233
"2821",-0.433018695453409
"2822",-0.429777802077571
"2823",-0.380067979848947
"2824",-0.30487470088097
"2825",-0.225695228460747
"2826",-0.158518044405154
"2827",-0.109842740286925
"2828",-0.0761620279191103
"2829",-0.0471507027109128
"2830",-0.0114330604914189
"2831",0.0372396912458621
"2832",0.0958389664422038
"2833",0.151710616847879
"2834",0.186416802332278
"2835",0.182546923576868
"2836",0.131063425556098
"2837",0.0364166417436702
"2838",-0.0826307867792002
"2839",-0.197029892301978
"2840",-0.275147079935106
"2841",-0.291652190886238
"2842",-0.234703321192277
"2843",-0.109191176982596
"2844",0.0647602103661303
"2845",0.257192385888464
"2846",0.435541631127915
"2847",0.571271564103869
"2848",0.644074522111812
"2849",0.643042817725786
"2850",0.565533001723472
"2851",0.415284484181618
"2852",0.20136545865765
"2853",-0.0612697204544811
"2854",-0.350036579975769
"2855",-0.633274424627144
"2856",-0.870977335954742
"2857",-1.01907181943564
"2858",-1.03733862827155
"2859",-0.899514492363277
"2860",-0.602873533894736
"2861",-0.174191810757308
"2862",0.330349197395277
"2863",0.832238962489814
"2864",1.2437042790373
"2865",1.48409937083928
"2866",1.49602426102438
"2867",1.2576338957002
"2868",0.788552292075983
"2869",0.148295042052575
"2870",-0.572331582098043
"2871",-1.26513847287195
"2872",-1.82132681870575
"2873",-2.14848148149382
"2874",-2.18531829635306
"2875",-1.91211397702911
"2876",-1.35526162803398
"2877",-0.585030692689601
"2878",0.293575667563674
"2879",1.15595873744414
"2880",1.87703232102017
"2881",2.35128627577476
"2882",2.51024653396768
"2883",2.33394558586471
"2884",1.85400809837925
"2885",1.1476125022363
"2886",0.323521454784903
"2887",-0.496931468375365
"2888",-1.20002122150261
"2889",-1.69707094312835
"2890",-1.9361412593978
"2891",-1.90646522142558
"2892",-1.63577666686934
"2893",-1.1820265148631
"2894",-0.621736614867131
"2895",-0.0373523338855371
"2896",0.494421942829899
"2897",0.911927589686227
"2898",1.17472242209999
"2899",1.26631790139965
"2900",1.19353812891504
"2901",0.982871944183194
"2902",0.674533651594189
"2903",0.315300680750459
"2904",-0.0485592101162513
"2905",-0.376979008948627
"2906",-0.639491755616174
"2907",-0.816124416503808
"2908",-0.896371117103004
"2909",-0.877420733221947
"2910",-0.762919811587711
"2911",-0.563072172786504
"2912",-0.295963607553961
"2913",0.0109705328117811
"2914",0.320986492660676
"2915",0.59105874458149
"2916",0.778394846627672
"2917",0.849466834848949
"2918",0.789179960687003
"2919",0.607082545227763
"2920",0.337913047874052
"2921",0.0352955725127155
"2922",-0.240408900303479
"2923",-0.436973701203415
"2924",-0.523550999005293
"2925",-0.498134678248697
"2926",-0.386736945900697
"2927",-0.234373907614461
"2928",-0.0906233556033568
"2929",0.0056832597924093
"2930",0.0377878636809335
"2931",0.0148424551551354
"2932",-0.0327639959214375
"2933",-0.0648378537375467
"2934",-0.0457209594520868
"2935",0.043064218102059
"2936",0.1956937567334
"2937",0.382341573507635
"2938",0.556438558869835
"2939",0.666465745331539
"2940",0.668866403274289
"2941",0.5388175365515
"2942",0.276643650779354
"2943",-0.0909404396642935
"2944",-0.514349788810901
"2945",-0.928303819833724
"2946",-1.26139075933821
"2947",-1.44690617090653
"2948",-1.43396656396833
"2949",-1.19775637464146
"2950",-0.747382506313114
"2951",-0.129453373953157
"2952",0.574444874078538
"2953",1.25743797966058
"2954",1.8037901817984
"2955",2.10974977111752
"2956",2.10480522231711
"2957",1.76850013521717
"2958",1.13839917248078
"2959",0.306563799343668
"2960",-0.595433816479528
"2961",-1.42010883747248
"2962",-2.03127943559693
"2963",-2.3290608507655
"2964",-2.26746030356719
"2965",-1.8613024591972
"2966",-1.18175298563527
"2967",-0.342139195145202
"2968",0.522514308738473
"2969",1.27810816278393
"2970",1.81236962647074
"2971",2.0510452963858
"2972",1.96753652028084
"2973",1.58520325525531
"2974",0.972441485794408
"2975",0.231362346400908
"2976",-0.518423236513261
"2977",-1.15872848027389
"2978",-1.5916326633824
"2979",-1.7551378627225
"2980",-1.6327663909335
"2981",-1.25513924305483
"2982",-0.693098672826046
"2983",-0.0437432733887602
"2984",0.587660320654159
"2985",1.10602863607493
"2986",1.44131875564753
"2987",1.55722320377414
"2988",1.4527624647361
"2989",1.15764951845008
"2990",0.723632740888962
"2991",0.214499424039926
"2992",-0.303006675138371
"2993",-0.76615290541421
"2994",-1.12105749406576
"2995",-1.32621562263734
"2996",-1.35568387210064
"2997",-1.20237954207906
"2998",-0.881052666119138
"2999",-0.429665496863015
"3000",0.0923975859629103
