,U_2t_sim
0,0.35532707283272424
1,0.23829455699861302
2,0.2886357800934537
3,0.6722658564203556
4,0.5742605716952047
5,0.29983977973175546
6,0.10776725736455156
7,0.22695650135609574
8,0.6960346378376625
9,0.9599165334753048
10,0.8538033023154884
11,0.6100421189341727
12,0.8921225496922432
13,0.9433425727134849
14,0.6397608738375875
15,0.06368515811943615
16,0.055480501680606614
17,0.24167116826676877
18,0.15851586421284497
19,0.9873633473474435
20,0.07663115120309678
21,0.5211594282641742
22,0.5066152520250847
23,0.42329311748017806
24,0.9946352549849179
25,0.0026388931287102298
26,0.9482505162906867
27,0.287060258937016
28,0.717198291618456
29,0.982067701234358
30,0.708899855948895
31,0.0349129951962744
32,0.32048882602874185
33,0.8672302134902758
34,0.2120547084699857
35,0.5950051617271304
36,0.5789106043069471
37,0.17036516917307304
38,0.14533179925754441
39,0.29265196615735334
40,0.5729256353696404
41,0.7515457027282066
42,0.7365177606189416
43,0.7773109136365837
44,0.2968347197854412
45,0.22569800050952704
46,0.252486196219908
47,0.803636460935409
48,0.8160341424034507
49,0.31329258239506036
50,0.32066657880215543
51,0.9420267263689467
52,0.393458776506033
53,0.9165611037234784
54,0.692949210871386
55,0.056519067215321676
56,0.09750080172947906
57,0.737235811185242
58,0.3930208017192077
59,0.15665889543437816
60,0.235109372767067
61,0.46220953688340005
62,0.5412818128082979
63,0.5295502871900042
64,0.5375701403010847
65,0.264969576983916
66,0.47972453734002946
67,0.7778401316466288
68,0.847702391100979
69,0.5549432096003543
70,0.8555096678660332
71,0.6422387776414525
72,0.625784557958861
73,0.3058464947390035
74,0.07063930583871911
75,0.21529106860600172
76,0.06969890873960291
77,0.9140057032759832
78,0.755659275161018
79,0.5615133405712428
80,0.42202199571614596
81,0.7066588540431346
82,0.35923381886118533
83,0.35902633355711067
84,0.5384236109614494
85,0.09546626788285129
86,0.5264588505477485
87,0.8002960704181566
88,0.3599998929280793
89,0.08788001373034715
90,0.9931282816815415
91,0.1323999666860975
92,0.5481029519035782
93,0.6658588463232908
94,0.20151794217325075
95,0.3092071556713054
96,0.8802074920137488
97,0.883447020105849
98,0.38865090446690415
99,0.26263029432014684
100,0.25891855974931693
101,0.7028060384381115
102,0.5087931204748279
103,0.43939981489208607
104,0.5561339000207595
105,0.6064791290442068
106,0.29545368004114037
107,0.34347227081744397
108,0.49988657835044664
109,0.41777853236648166
110,0.7400233994222467
111,0.9298901739633201
112,0.8070037596823055
113,0.29169339779340153
114,0.39021448271175957
115,0.413681392981981
116,0.5584871571438607
117,0.4617745618080481
118,0.13575427941990814
119,0.1815708400754249
120,0.3768202514569418
121,0.6032533330623956
122,0.7338450429781359
123,0.6692482043423963
124,0.18752295704043542
125,0.9449157255088229
126,0.5687262434857588
127,0.8235292162885558
128,0.3508378165621143
129,0.3918399492667358
130,0.5034737052095495
131,0.20800906030348298
132,0.8987932401448562
133,0.398497830467366
134,0.43481012887117265
135,0.20638979985685763
136,0.7510486071004858
137,0.2353707030308017
138,0.29081231508221067
139,0.5390955502906992
140,0.9225180182294653
141,0.04488669913275339
142,0.5484882117432619
143,0.7589765036518821
144,0.6716610126011497
145,0.761217241565286
146,0.7977583814233221
147,0.2614204850063654
148,0.017014740506219265
149,0.099650281012856
150,0.4844315219660093
151,0.823798903184138
152,0.5630956680603253
153,0.7098311617352576
154,0.8077936052915177
155,0.4577410766411157
156,0.8196040790474236
157,0.1243902421479714
158,0.9638825660678988
159,0.21564272430873155
160,0.8038143366363417
161,0.5709991264640351
162,0.8997495742293313
163,0.0009023298681302294
164,0.9161635816946199
165,0.39332672122794876
166,0.02248084455472749
167,0.2421754355219255
168,0.4706949170612105
169,0.28059498999343097
170,0.7340007062245892
171,0.5303233437101355
172,0.7261464599730456
173,0.27056989222467354
174,0.4050711001218064
175,0.7690123676387757
176,0.7908159423893215
177,0.2796521472984918
178,0.1386167587106895
179,0.8198599609544501
180,0.6402765755428941
181,0.3228374100296647
182,0.9869484793393303
183,0.034638051754494074
184,0.1676627726504486
185,0.5909502810659906
186,0.40141723776073723
187,0.21939818268878203
188,0.6856379516108204
189,0.4502678869899204
190,0.09377508271282609
191,0.2992275220002047
192,0.6974608085700603
193,0.8144616722008737
194,0.7326168023325814
195,0.5463314835353864
196,0.6218716138295962
197,0.4476164519729477
198,0.47540367285602336
199,0.839945202497294
200,0.9317641840975488
201,0.7437770746275737
202,0.11297557836907474
203,0.32271754297466665
204,0.22738766982372133
205,0.28549209127616515
206,0.8246076623719039
207,0.9170665145039885
208,0.6644162012230979
209,0.40779812755226874
210,0.20299900510826774
211,0.10433244935634417
212,0.9292824367201427
213,0.0789922592173748
214,0.9991428443751148
215,0.8663132137109408
216,0.46915068922286934
217,0.623675632450355
218,0.661498784588634
219,0.19841505391380593
220,0.35124796226326194
221,0.49475956204579313
222,0.25530915385942216
223,0.36240421700827785
224,0.09903768957621067
225,0.7053676082529913
226,0.20154782615032074
227,0.15180519386151742
228,0.7968369851348114
229,0.10619618963092298
230,0.338733967570533
231,0.27569495588623155
232,0.15680131804575542
233,0.11761323234636595
234,0.8842978359204618
235,0.8477585285824112
236,0.7563232137212337
237,0.6781706372828844
238,0.6035360322294453
239,0.135756136583858
240,0.16114988416917964
241,0.6309494840654363
242,0.741897902722667
243,0.6358147459342737
244,0.2932222840403236
245,0.9526033720795235
246,0.3997061745361187
247,0.3994263082654036
248,0.6292731099490368
249,0.6748919596144627
250,0.4670739806910749
251,0.6826332925749081
252,0.2919897383227045
253,0.9594696927313819
254,0.7052683009989543
255,0.4472202969206561
256,0.9258681155022143
257,0.302768489644406
258,0.10379908545949967
259,0.6469542706036001
260,0.9700358099853847
261,0.8305504406191434
262,0.24560833475129373
263,0.06338399118185253
264,0.05217789864213063
265,0.11492153110969977
266,0.20349149711333658
267,0.4094526132312521
268,0.11776130243261973
269,0.09877207669011073
270,0.09736210438173137
271,0.927381802092203
272,0.5186582655438546
273,0.6297979451017246
274,0.9275494074683641
275,0.013441828550081941
276,0.9359084699304694
277,0.782968889476183
278,0.32362690015872386
279,0.22842889394925642
280,0.6760782249645492
281,0.7986579345886233
282,0.16832658549967633
283,0.8349033290766137
284,0.9995107636626132
285,0.2065545063938916
286,0.34370236816412203
287,0.36292944844777547
288,0.4467383257928445
289,0.11717962414146488
290,0.29239454489741384
291,0.9976692880740652
292,0.6916189293464241
293,0.07623355705938396
294,0.6474875918630503
295,0.6203534834206835
296,0.21487539608225642
297,0.09106794451461814
298,0.9035671268009757
299,0.6253745834706014
300,0.895658726520943
301,0.8955373070835364
302,0.5233206135836899
303,0.8795832951061577
304,0.07445808532006123
305,0.22014117475606837
306,0.8834888992854653
307,0.6219061548272429
308,0.24699927895911272
309,0.10945806169483008
310,0.6266286069103986
311,0.009902692220285053
312,0.18692020824657835
313,0.31175380890108617
314,0.2572584110245636
315,0.7706591894276081
316,0.3133939790435296
317,0.797453905198994
318,0.37486194220449054
319,0.2652302863051179
320,0.195644250636341
321,0.7491646135566533
322,0.8000147694367077
323,0.6887315770728324
324,0.9185236334174878
325,0.8321693542022175
326,0.060051300588230085
327,0.91238253931082
328,0.642111405335976
329,0.7483999744242721
330,0.6909872562282996
331,0.3959352633246133
332,0.2727107192219046
333,0.2853757826650557
334,0.32696304692614586
335,0.33450484661145485
336,0.31112200836877946
337,0.14233509132151312
338,0.22657382683385724
339,0.20821201248754645
340,0.9408498313259814
341,0.08367715776477852
342,0.8489706126958252
343,0.8446260129202259
344,0.10475082948672709
345,0.6501802809295285
346,0.964327447179113
347,0.3029427429111312
348,0.984350027304932
349,0.013111186411746486
350,0.9368473481060434
351,0.25876447052932683
352,0.03076040830255231
353,0.9867674231302848
354,0.5676587873643082
355,0.24890798211407206
356,0.23878686003700622
357,0.32396320978189286
358,0.5441882506198688
359,0.02207417240121825
360,0.9311316150550364
361,0.11070255842370652
362,0.6178360695812464
363,0.867865976781968
364,0.7602217332210026
365,0.5161336267407061
366,0.7870696036634703
367,0.5550430214157934
368,0.44398682981021426
369,0.4906201744882841
370,0.6111898652736083
371,0.794202332203928
372,0.15320444911639708
373,0.9191855918299447
374,0.17761521844933592
375,0.5594937540147328
376,0.30768966800997666
377,0.7260039571999537
378,0.1823205661164533
379,0.894575160068005
380,0.7598804391218477
381,0.16029684540359873
382,0.9059209305804028
383,0.5465046710205373
384,0.03908649739792166
385,0.02079143611454343
386,0.24628500195892838
387,0.22235492609046809
388,0.20634559864859614
389,0.38297976132924894
390,0.5410716432335304
391,0.43291291548545663
392,0.45699489802666726
393,0.4082691642620973
394,0.9348498741182436
395,0.25589736718716516
396,0.6119137298020445
397,0.9972584084804749
398,0.9046722566664345
399,0.5905345566447591
400,0.7110984497652756
401,0.5118542495895191
402,0.0114722213678098
403,0.923487228822554
404,0.1880037237457418
405,0.46280608238331583
406,0.37944417586745316
407,0.557737469550085
408,0.7692476201492625
409,0.8536349345457956
410,0.31029596982357255
411,0.41411511365408843
412,0.8267015636622632
413,0.46902562152651284
414,0.4553803274858137
415,0.956480690556483
416,0.07371655628478022
417,0.13531937390401627
418,0.23468827542377396
419,0.3964625851470474
420,0.669150149780551
421,0.48576202218531517
422,0.9408178597914609
423,0.893450151072011
424,0.31148591237402157
425,0.014927439113092456
426,0.8360312282085738
427,0.06941223575928704
428,0.08882733322489583
429,0.802591338458434
430,0.3427249588004589
431,0.4848555646093054
432,0.0002343034000268788
433,0.9649492360035296
434,0.08323389579996299
435,0.4697220981470429
436,0.8707958676397994
437,0.8978138606626573
438,0.012873900066434083
439,0.4528945333886414
440,0.397573942385209
441,0.4290449721883713
442,0.768039330029049
443,0.9840608135435729
444,0.8173085540380125
445,0.49058889490003593
446,0.8439397060821585
447,0.49619670654479336
448,0.5980630763749994
449,0.6158704410905985
450,0.600747103366668
451,0.6085149316187544
452,0.4919388341435867
453,0.446551505913278
454,0.22518113924608568
455,0.23126764631951885
456,0.2595181479782587
457,0.2652189934814786
458,0.8394049665769561
459,0.21009755379172096
460,0.7751358163038395
461,0.7370933361537189
462,0.7878872532379442
463,0.894240332464307
464,0.7213733939940202
465,0.7129446252781542
466,0.6101749499779816
467,0.23799734561114982
468,0.2154766267751449
469,0.054287023781862793
470,0.6259071502660607
471,0.1886174982393815
472,0.9942812391748773
473,0.7625502252150227
474,0.483332502735717
475,0.5857508066608816
476,0.005813572953731861
477,0.678664693368767
478,0.3033276472354529
479,0.06237977840369521
480,0.2598715748988012
481,0.048426314724347955
482,0.05826866136507588
483,0.757742959717816
484,0.2872290662593988
485,0.5637850964806888
486,0.13340795846146886
487,0.9269541062106343
488,0.24146306918632998
489,0.9849036753207981
490,0.5194705833558685
491,0.08079972190503165
492,0.9981257088493937
493,0.6389207576184182
494,0.9968142911939198
495,0.5824237166785066
496,0.6863128516073516
497,0.5951281817186634
498,0.5013696469434051
499,0.42082304994948594
500,0.6655092907341973
501,0.6683478977726396
502,0.09677902283053319
503,0.2596848158603602
504,0.8854960000700111
505,0.17310952753629288
506,0.23499104837098939
507,0.035146072117584595
508,0.583880423021159
509,0.8072137769119683
510,0.2006771158239377
511,0.2894689366564933
512,0.42683133673796897
513,0.24707926153872284
514,0.18946598349530508
515,0.6201206683996168
516,0.9300297196618115
517,0.5872118663985796
518,0.5419321157108423
519,0.3007286648907326
520,0.23493248509764364
521,0.1521303328848867
522,0.3605661920568243
523,0.8284712206243581
524,0.9691200436389549
525,0.4430481733784416
526,0.7484644717326581
527,0.1403110055705511
528,0.5663210875802598
529,0.7171868704307263
530,0.5267898172262221
531,0.45491023954892124
532,0.4843551737804675
533,0.5623824169750551
534,0.6739268880096554
535,0.6907477487553098
536,0.6525828998100718
537,0.27257329825084675
538,0.19961141106172925
539,0.6647608266995725
540,0.7003863747875703
541,0.8821836077727611
542,0.48887099653619376
543,0.19460620651226523
544,0.27901076930291613
545,0.2012821853586682
546,0.38548980420621265
547,0.7131952392943839
548,0.8040423729392094
549,0.4418857714684338
550,0.42628060214407626
551,0.22010693845887191
552,0.19960315882325186
553,0.2500565029333879
554,0.2635741544477376
555,0.44704654552065765
556,0.626700585162091
557,0.7402564507809494
558,0.7485516312676607
559,0.8086892369452442
560,0.6047838571881086
561,0.26337075952805555
562,0.2915498143817549
563,0.5083679594660959
564,0.744053877432241
565,0.7140137473082868
566,0.7301857541445089
567,0.29532181273218705
568,0.07961802280657515
569,0.6381829239853629
570,0.5965195837201128
571,0.6659116090579393
572,0.7541752151192155
573,0.32578304106709444
574,0.7093204816638639
575,0.12024272726755925
576,0.917228978405018
577,0.9000505346118556
578,0.5216953007204412
579,0.3376700570305413
580,0.7027704279988831
581,0.3506914573572882
582,0.18955356228267067
583,0.5051856453019978
584,0.6796852507015825
585,0.4459518414183346
586,0.27119210535720806
587,0.32063762244972294
588,0.38679368527902136
589,0.2839678568944801
590,0.24039969817852203
591,0.3189071791755128
592,0.25797838534812423
593,0.2654504221923981
594,0.6113063001838216
595,0.6820237753482877
596,0.31417683556809906
597,0.29565361426310266
598,0.37120697637772526
599,0.651753862401914
600,0.8782146775837857
601,0.8060252032923512
602,0.5252233883703483
603,0.30498178877814924
604,0.6444536151838871
605,0.8523311958952831
606,0.9468991858352677
607,0.7718490061934471
608,0.36355036741418245
609,0.18057896977462168
610,0.3693318578298328
611,0.4065459315256552
612,0.47650680000440093
613,0.5410280700362796
614,0.49447346158673205
615,0.36634558171344533
616,0.40673044993068375
617,0.12200007001986968
618,0.7700070166632589
619,0.35450547225450446
620,0.4763728651943454
621,0.9991458365234935
622,0.1614368380927872
623,0.5164416381987331
624,0.9181944027153637
625,0.4689050845350298
626,0.026411128108296895
627,0.37956881075625487
628,0.9701768137350837
629,0.006818140826556848
630,0.987018872273312
631,0.8737372984874348
632,0.09082831428536525
633,0.22931827140062777
634,0.7704887590519529
635,0.05579407534240514
636,0.5175480460643815
637,0.08837831267289137
638,0.2985345680424774
639,0.7623326687191663
640,0.8945305082656467
641,0.5955970572155836
642,0.24551055109641973
643,0.0042290160374047455
644,0.09676065977041948
645,0.17340361412366445
646,0.8899764518291655
647,0.5931930086213522
648,0.38837034041516594
649,0.7119423262305757
650,0.5508216814230559
651,0.5837928104483918
652,0.7586040987085952
653,0.8794027977654486
654,0.3335832121317406
655,0.9718667536198817
656,0.41945912023282905
657,0.14931549477673406
658,0.6008817576922106
659,0.15159128640033842
660,0.8722060242737859
661,0.8610012525420359
662,0.8778874181964774
663,0.3523788216348172
664,0.4027506115793569
665,0.5972809707425493
666,0.5542993643911167
667,0.07702285980815242
668,0.8863798654788096
669,0.3012247594405489
670,0.7608880425035179
671,0.9986556414447504
672,0.5491604286517494
673,0.8241348444047207
674,0.11440941367553331
675,0.2492769990539993
676,0.5159308700423526
677,0.20882631576021776
678,0.07152774642506553
679,0.25915010099755525
680,0.028182288913679458
681,0.8177049068613549
682,0.3195771738377846
683,0.22929806183259505
684,0.8166068940836492
685,0.31394697806720834
686,0.15276927110409666
687,0.9139261032721246
688,0.22955995062082502
689,0.049425122329551506
690,0.2859237103728999
691,0.6139214058903979
692,0.957793216244534
693,0.17239160275183724
694,0.9443865228853362
695,0.6602888689117776
696,0.018572697842451528
697,0.6489453262299778
698,0.6897516640774477
699,0.19738028362406385
700,0.23553968008661302
701,0.9305225884018126
702,0.9444326092983877
703,0.9366638661503929
704,0.05095846355921902
705,0.6592917542257164
706,0.7078077821216704
707,0.18458200191465207
708,0.9459844783008604
709,0.6109071688241603
710,0.6022257522844796
711,0.006072156581269068
712,0.7827929062622097
713,0.38681837020675613
714,0.44030687077354513
715,0.44698517632771007
716,0.3838036803263981
717,0.9585016751253105
718,0.5043081398315254
719,0.9990006813614625
720,0.056013127956094304
721,0.41908996067499277
722,0.8561747701779352
723,0.3702806611704022
724,0.35658120524367953
725,0.2776472055309838
726,0.29966053872763854
727,0.053038479163984714
728,0.12775793590717827
729,0.9234287084428863
730,0.17505307763456046
731,0.018546146828095834
732,0.6000296531721977
733,0.8577410938223563
734,0.015604649217237683
735,0.9761279390899807
736,0.045864851205116124
737,0.10897877482823654
738,0.811678107796945
739,0.846970966150522
740,0.7182193931075023
741,0.6535486123247154
742,0.24148364644326725
743,0.3415798372194234
744,0.3876830645666824
745,0.5989497783715549
746,0.7863347132327366
747,0.7608736378741053
748,0.7413913801896346
749,0.8375813609637488
750,0.9069921925888436
751,0.7540940808005581
752,0.4961232670277891
753,0.8353531985886736
754,0.520768429477925
755,0.298544820519875
756,0.27751760262562475
757,0.6908438654446338
758,0.2261113649448666
759,0.9883566676275021
760,0.2991666136508509
761,0.29514077193500543
762,0.3735622880626591
763,0.020503114872942204
764,0.3900877669704669
765,0.7629775589897503
766,0.38660954943229603
767,0.18372523555824916
768,0.7605456802002961
769,0.5412631046095289
770,0.31867534848647955
771,0.6833291015188135
772,0.5004038451721944
773,0.2991724315675631
774,0.25363187867982595
775,0.6041004404386643
776,0.515902762559069
777,0.08197555673844986
778,0.7327973335934189
779,0.0911993481155624
780,0.6190864361195482
781,0.20711158107307387
782,0.06862353768442153
783,0.29513203825232076
784,0.6590250886008089
785,0.7904793397217156
786,0.8824051803282752
787,0.7250744262863391
788,0.6211195914641455
789,0.3382952034615785
790,0.5126777644657172
791,0.6542018392066584
792,0.6735235165421503
793,0.5666712376311223
794,0.748812888731451
795,0.6120802772845928
796,0.549501718275413
797,0.6591816414123687
798,0.07266092605218104
799,0.24912947910674632
800,0.6677481445536001
801,0.41995269260971757
802,0.8797882852823131
803,0.44243012933871434
804,0.6517292962559749
805,0.6477568694312568
806,0.8387883369661189
807,0.893496268693589
808,0.8208222532849085
809,0.24391345594988267
810,0.09961000928752833
811,0.07576692620814254
812,0.8711119323488425
813,0.19913424482395387
814,0.8388239150855465
815,0.17672127600836646
816,0.6000490000203484
817,0.019646561309586995
818,0.9635863235545927
819,0.11974207078017823
820,0.9352016325089024
821,0.026084927736904847
822,0.5083298332283636
823,0.7844972076841563
824,0.3622882039135733
825,0.3587253940202688
826,0.99524364657213
827,0.10713842114613259
828,0.10226489576744213
829,0.2673623914205585
830,0.13024131022349306
831,0.274978528696898
832,0.5014478275726086
833,0.8019048631703563
834,0.6525850957339585
835,0.765445623783629
836,0.7641785721170119
837,0.8502454714885186
838,0.31333338500950053
839,0.776099991015859
840,0.003802068003645887
841,0.9538636216628862
842,0.41574965661003926
843,0.8320740409946801
844,0.15204412271242618
845,0.9714298593375323
846,0.004985896451687528
847,0.5522291670162689
848,0.45378691135470633
849,0.7961108907416321
850,0.35589636807084923
851,0.8661106880465069
852,0.5393088766221562
853,0.11760131724154332
854,0.1844619732281299
855,0.6172064217615852
856,0.9042404844926015
857,0.9652344444259712
858,0.7882416079672487
859,0.5849023739282653
860,0.27362315489622835
861,0.20237083907517012
862,0.4844083373521091
863,0.6064279542311939
864,0.03566402140806364
865,0.2235751301098628
866,0.6956873334232176
867,0.9253903618112379
868,0.6135007291023474
869,0.6068790367152174
870,0.3073384072120475
871,0.14546062273540933
872,0.23745428941430707
873,0.8683148690353528
874,0.016650975477808014
875,0.4374759344134558
876,0.5687600561653289
877,0.6134739334537724
878,0.7643328916147027
879,0.22042999398378527
880,0.47824729584438735
881,0.41386828905142725
882,0.05497831607034716
883,0.9607533489428184
884,0.2908440785173768
885,0.21904956146553822
886,0.406717117785275
887,0.5757583975185248
888,0.8181023416348292
889,0.02407600985547776
890,0.9793153160804716
891,0.8198941781258251
892,0.6095429592450805
893,0.8476797645904481
894,0.7295901053555982
895,0.17826221279502896
896,0.1634886673313981
897,0.799485965942296
898,0.21838343371531876
899,0.40199120064249605
900,0.02646835259803034
901,0.943604918976484
902,0.7983690030842803
903,0.818646482136168
904,0.3604170823591373
905,0.7934668292307594
906,0.1385289203675567
907,0.8111217497125309
908,0.9703350437845412
909,0.17573997859125268
910,0.299324743018757
911,0.2523779297187654
912,0.7935425261479814
913,0.9687583335491035
914,0.6749271790322704
915,0.5993195275598523
916,0.30541167060285673
917,0.028552527284716838
918,0.2862037741664506
919,0.8396657803566194
920,0.3689693614796558
921,0.09204289370313762
922,0.3716911079704913
923,0.8441019797366293
924,0.5222370193680128
925,0.353536555750338
926,0.19304728404664495
927,0.7706453341579645
928,0.1486736868695714
929,0.9844469711738675
930,0.695197933105163
931,0.13016535856843703
932,0.14006165400017723
933,0.006039239183331145
934,0.39740557372377794
935,0.426359205155736
936,0.19788612068357853
937,0.4520825018599773
938,0.38033332986524543
939,0.5253706444283024
940,0.8267565294148673
941,0.9556236992247467
942,0.881214451439883
943,0.16971497212148
944,0.9989524386001093
945,0.24997343348967677
946,0.21106719733298984
947,0.3829398474999749
948,0.8665574839923745
949,0.28783700298383724
950,0.9750529353931068
951,0.10935860547373061
952,0.6363344188059522
953,0.11823971159655222
954,0.40333606489581186
955,0.9960454820602826
956,0.2838382968619577
957,0.24797533004107564
958,0.1288622892236414
959,0.1789900308741016
960,0.702217405816272
961,0.6007590585246367
962,0.47925766725744706
963,0.6567734910209411
964,0.7540369182216176
965,0.7375146709868019
966,0.5539908330820426
967,0.3486063823371367
968,0.3436618156808094
969,0.17256663505957653
970,0.34510288161620273
971,0.3669378761983475
972,0.06346186664389636
973,0.3100040350847868
974,0.010385281643899276
975,0.6614583768158195
976,0.7255059879389746
977,0.06566589612355382
978,0.9306170982710379
979,0.46148353574047235
980,0.713661683342428
981,0.6593563923442309
982,0.5423843470331746
983,0.6788006991670719
984,0.7528691828038669
985,0.29801897325345716
986,0.6462656698722863
987,0.0926194856653057
988,0.9995921106909594
989,0.32812573528736283
990,0.9953752591856306
991,0.7926256166408424
992,0.5191548767327648
993,0.7377825625746103
994,0.8772537385459562
995,0.6985743807086338
996,0.3576026189519028
997,0.11191093350503306
998,0.12301837832442664
999,0.8522420813728896
1000,0.9094282465602892
1001,0.576951655100793
1002,0.26984589063468345
1003,0.13099475194180427
1004,0.09138113640699352
1005,0.34682554443208724
1006,0.21830790315905274
1007,0.17013849799960806
1008,0.24649783750575738
1009,0.1587381618505252
1010,0.7283984715288467
1011,0.20625564523818535
1012,0.732849973312389
1013,0.09161009751416149
1014,0.37080498080748825
1015,0.46153765465242175
1016,0.3281654956347013
1017,0.1626623680097221
1018,0.4887644436145039
1019,0.7760223022598725
1020,0.8742625162918849
1021,0.9124634087771579
1022,0.8396611841947959
1023,0.5275086939175114
1024,0.7098764844863594
1025,0.4082103109473474
1026,0.46892529307246933
1027,0.4563435941948549
1028,0.0814163428360472
1029,0.1288402426089107
1030,0.2497898800436018
1031,0.13819735063891303
1032,0.9259860802980122
1033,0.7668175492332061
1034,0.18050197668958268
1035,0.9504386392884943
1036,0.8324768080377146
1037,0.07289114493198336
1038,0.8657532749170512
1039,0.3184443835576412
1040,0.7757243229355517
1041,0.5689952457630342
1042,0.9106938515936117
1043,0.8092220968129809
1044,0.3014756800665435
1045,0.2922640126741977
1046,0.18000407424866455
1047,0.7024289049557233
1048,0.8931939265757394
1049,0.7635623004177668
1050,0.9371823961444933
1051,0.8976969163075466
1052,0.5953063849063457
1053,0.29164453653937156
1054,0.2663367949503529
1055,0.12469599097845185
1056,0.3748973298878526
1057,0.35925509767048347
1058,0.1984455369319275
1059,0.04393084428450535
1060,0.015474812531125549
1061,0.05720297676180931
1062,0.8339544585635144
1063,0.4860964875921162
1064,0.9891990396383165
1065,0.059186676128649196
1066,0.8935610629340093
1067,0.08446877710645989
1068,0.6466756483975925
1069,0.28100007146602
1070,0.26476408424526054
1071,0.07225361199376228
1072,0.5152890200260386
1073,0.9225859450819517
1074,0.04286515616392913
1075,0.8471605724017175
1076,0.8627195184882817
1077,0.5171215878107197
1078,0.9580437747946546
1079,0.9338201270794656
1080,0.9393248062615484
1081,0.16075554496304456
1082,0.7097850490073486
1083,0.6677828069671045
1084,0.16343575308092934
1085,0.9486039393808776
1086,0.027957466776343268
1087,0.5486915026128032
1088,0.659931527032062
1089,0.02415806060406467
1090,0.36549109078585684
1091,0.6811108713309452
1092,0.848718099776901
1093,0.16035026245158884
1094,0.9972365793338207
1095,0.19988132311717804
1096,0.6112982481794407
1097,0.6963870033778672
1098,0.09711211158419342
1099,0.32178199933367346
1100,0.6940615989300207
1101,0.14230502145016877
1102,0.9317677347554288
1103,0.12873531876579852
1104,0.9873352558422006
1105,0.10485032292517282
1106,0.3671029545325194
1107,0.6731790761530708
1108,0.21751040404348
1109,0.24260496111654833
1110,0.07166573482762754
1111,0.7585313188090096
1112,0.3183287178446746
1113,0.303355809186535
1114,0.30873819229749244
1115,0.772839628103861
1116,0.7152946008567752
1117,0.35184873643176007
1118,0.6383325386458765
1119,0.08697763702528266
1120,0.020371539595973747
1121,0.02967747235265803
1122,0.6113274109946565
1123,0.8843047183284879
1124,0.8674500713594564
1125,0.863352350861253
1126,0.8197942311982709
1127,0.8676529502488459
1128,0.5295759215797005
1129,0.9899722887165789
1130,0.4668287475852978
1131,0.6973408899905658
1132,0.9289571453088155
1133,0.13356618152887229
1134,0.757269662142158
1135,0.40612953135732693
1136,0.29480017491893235
1137,0.25319474163687683
1138,0.714110834910539
1139,0.33641256203303693
1140,0.3063974409748301
1141,0.44664938821506095
1142,0.9294419091292073
1143,0.0011942704557033482
1144,0.8717002207868843
1145,0.8578850294492012
1146,0.1182629342106869
1147,0.25443539573931234
1148,0.7607922516675695
1149,0.18107649422455635
1150,0.058405055447311144
1151,0.30074202929612637
1152,0.6559686035167888
1153,0.7702235593865907
1154,0.1935997143092999
1155,0.22198941061013056
1156,0.3683658216148419
1157,0.15741663743660045
1158,0.40484659188254657
1159,0.8269216603752193
1160,0.8091259482078388
1161,0.3296061350087704
1162,0.5886177727126752
1163,0.83932237936641
1164,0.8669305281099577
1165,0.8355601910861015
1166,0.6061610381507367
1167,0.20915097826666418
1168,0.38441441753513067
1169,0.43750644872920696
1170,0.5348048712880097
1171,0.35623415757803906
1172,0.4594265053370059
1173,0.06467484868354413
1174,0.4522523106305648
1175,0.7906361928577641
1176,0.4934898345927824
1177,0.9302302826063727
1178,0.45363603884667536
1179,0.8815835513731609
1180,0.1958356179986201
1181,0.8712081835797922
1182,0.7991085059003047
1183,0.53394818036088
1184,0.8832667429922167
1185,0.36042295515257033
1186,0.9833144455228671
1187,0.01715227539368605
1188,0.7638417505593735
1189,0.5578037592975804
1190,0.0827853352619547
1191,0.15880424589553305
1192,0.7058421963864088
1193,0.6123113848372974
1194,0.35580396132051684
1195,0.46083882574151336
1196,0.5993812377580832
1197,0.03678510418836988
1198,0.8343144052635147
1199,0.0025657398186234564
1200,0.9750825796699684
1201,0.2786825027326668
1202,0.15689149662279406
1203,0.8442492078575065
1204,0.8772584654925615
1205,0.30462081172740235
1206,0.3536323450388119
1207,0.4748164004387754
1208,0.09698278141878197
1209,0.025496805304433847
1210,0.44869031823264693
1211,0.39424316140803106
1212,0.573837930389356
1213,0.3462777917298586
1214,0.24052879684131928
1215,0.34498899739928013
1216,0.34496121949622754
1217,0.8954836413549784
1218,0.6928953728720232
1219,0.8710370575939245
1220,0.6674781917647383
1221,0.10513702679058584
1222,0.4314211382150033
1223,0.23789684848759196
1224,0.7685454493873564
1225,0.8211649241313743
1226,0.7839722466139365
1227,0.9999058577425831
1228,0.4853853575102076
1229,0.8336912327837841
1230,0.7302965919828496
1231,0.7128142507269922
1232,0.6577885097646028
1233,0.3677663635888952
1234,0.45476293940393214
1235,0.3620742527741082
1236,0.5281464357180103
1237,0.8359897447747542
1238,0.7551624037689428
1239,0.14563731288964016
1240,0.16051375790180955
1241,0.004197285784107258
1242,0.6844334598085212
1243,0.037477784574653616
1244,0.4915347701990764
1245,0.4726835256136889
1246,0.1386272110367488
1247,0.47385469138263925
1248,0.43176977826366564
1249,0.15336002985390318
1250,0.06621378620411365
1251,0.7127149781910218
1252,0.8985020930132055
1253,0.938147298697284
1254,0.5854955377171107
1255,0.6691539855926769
1256,0.4330773211585122
1257,0.043299595814885655
1258,0.8315268260684496
1259,0.8787365372061398
1260,0.12420603885215553
1261,0.7004115848156894
1262,0.9314055532135707
1263,0.37728174491882005
1264,0.3696110330635758
1265,0.7526445232830303
1266,0.5442140422465496
1267,0.6132596623355936
1268,0.06924640474823869
1269,0.899008309532322
1270,0.2656696357108501
1271,0.19025345500593105
1272,0.5779976481768927
1273,0.7116296834943275
1274,0.11769667888885466
1275,0.052454586738800185
1276,0.917293385415737
1277,0.2726333664735123
1278,0.9998176094767726
1279,0.5455376465731592
1280,0.9400772391584921
1281,0.9150836356186072
1282,0.3551272083029567
1283,0.16000279100580245
1284,0.7162565043584512
1285,0.09880403648886127
1286,0.6338538843206093
1287,0.30339737179129134
1288,0.03087447850490193
1289,0.9497747807210608
1290,0.0022027562416080384
1291,0.07339954247780772
1292,0.6411822580529472
1293,0.012739391368084732
1294,0.12486260671515031
1295,0.5910167020782728
1296,0.11374950543973211
1297,0.7863525486610199
1298,0.6030857217053447
1299,0.38876851220576836
1300,0.8765603679552691
1301,0.7876387681395045
1302,0.811268162459974
1303,0.5378850089979369
1304,0.9519690342254681
1305,0.9429029727312729
1306,0.7867223323557708
1307,0.8753046193157877
1308,0.47356424232973915
1309,0.002133963812349708
1310,0.9699490653362857
1311,0.5020964288428493
1312,0.04488733125200977
1313,0.6044270254144232
1314,0.12115003343270542
1315,0.5216337053861821
1316,0.9862527832178357
1317,0.9683379750283375
1318,0.9897494666649065
1319,0.3908646411249525
1320,0.0002257225187178317
1321,0.9300837117196433
1322,0.22388674035265005
1323,0.15356102084152623
1324,0.10889841877155282
1325,0.6985768820223636
1326,0.34999272924057384
1327,0.03836664500294163
1328,0.6220376091573807
1329,0.9202201993705705
1330,0.0031976220196992555
1331,0.9008579434663115
1332,0.6095259892071805
1333,0.07211971510100199
1334,0.20662506695359767
1335,0.32299735703159227
1336,0.773848303202085
1337,0.5624055464295861
1338,0.3705436815839052
1339,0.5870390679576794
1340,0.4452640131554657
1341,0.6049782562586732
1342,0.6970880359150284
1343,0.43258233812663616
1344,0.11899335574740255
1345,0.7870210157958537
1346,0.9721989434883934
1347,0.9883534592388499
1348,0.6792570814584703
1349,0.8033964682273942
1350,0.09041211317762393
1351,0.19417838245757474
1352,0.808502498664377
1353,0.9142277590206189
1354,0.6273630132503604
1355,0.7527444468710809
1356,0.7891283059274468
1357,0.628045341983545
1358,0.44988589869424367
1359,0.19925998901069758
1360,0.2988648953477975
1361,0.15815722364016277
1362,0.09807946455100958
1363,0.38728872260704894
1364,0.2360567479792831
1365,0.06081805217372601
1366,0.19309555898811998
1367,0.5853174338076652
1368,0.4729847812588264
1369,0.48605297159286337
1370,0.4707818050606978
1371,0.3061009102965574
1372,0.22059239692496851
1373,0.2574508030513861
1374,0.42263688455929005
1375,0.6175090504162436
1376,0.5803760617998001
1377,0.37244450315632216
1378,0.501340857853664
1379,0.5925395328660945
1380,0.5316894465400955
1381,0.7630902196479091
1382,0.9013319922539604
1383,0.9040629993703109
1384,0.758845491004958
1385,0.6087387980449018
1386,0.5345085719239719
1387,0.2748076694451078
1388,0.3842858988634894
1389,0.618007549098457
1390,0.6802390003407672
1391,0.7553821224249353
1392,0.8009005738113669
1393,0.8681759227291479
1394,0.6641859637889714
1395,0.8546356840737903
1396,0.15521871904296863
1397,0.7144615666450342
1398,0.6923004268147237
1399,0.45570358879466877
1400,0.3706345066557607
1401,0.5781015202607406
1402,0.014630497168878069
1403,0.5781656618006036
1404,0.07516628501722857
1405,0.5615267767026931
1406,0.46106930207966645
1407,0.3041959395352179
1408,0.1308953530446818
1409,0.8998271664791943
1410,0.06613263856997877
1411,0.04115356072353323
1412,0.1590699363605395
1413,0.11734425113053143
1414,0.1916406030372549
1415,0.14457361519794376
1416,0.7400985564626247
1417,0.17414433930101092
1418,0.7934271061899447
1419,0.921032564390342
1420,0.6276498315078207
1421,0.5905373846341403
1422,0.824638082887844
1423,0.869235742871922
1424,0.9578409556129931
1425,0.8034172488090023
1426,0.9552795294291062
1427,0.06382981411625521
1428,0.9530083155887928
1429,0.17058949657990485
1430,0.829649654989097
1431,0.2218327402379916
1432,0.3923683462823912
1433,0.7951316128528888
1434,0.9447947408858267
1435,0.6746094102730006
1436,0.5177767106477251
1437,0.3610199989565789
1438,0.01818706888995271
1439,0.5081365384683264
1440,0.5733535862683116
1441,0.2030966682187723
1442,0.15322760519452738
1443,0.3324709931184975
1444,0.9047067950291565
1445,0.17827983021527471
1446,0.5623552467782985
1447,0.4415072667363653
1448,0.16769446014997552
1449,0.2004892747792636
1450,0.5836783603993565
1451,0.43230807611335176
1452,0.3981093688573985
1453,0.31355138551235245
1454,0.682405697738565
1455,0.9331206292641131
1456,0.7026278667448156
1457,0.8986261858353385
1458,0.759029028536855
1459,0.24764915689592354
1460,0.2466474261944855
1461,0.16321923399710747
1462,0.2010564561731163
1463,0.6660932328694612
1464,0.37833443627210933
1465,0.33679477072247177
1466,0.4994654756299226
1467,0.03292047612781906
1468,0.44843036538966996
1469,0.6120408505296908
1470,0.8734449527376825
1471,0.13243988491455533
1472,0.9697522745153544
1473,0.35272556741702144
1474,0.567633816576535
1475,0.7813808939383893
1476,0.9141649852106983
1477,0.9251256743001897
1478,0.7810090139521222
1479,0.32698381447268465
1480,0.3870886157981454
1481,0.6402294101544572
1482,0.2077499603227037
1483,0.6239763541638876
1484,0.36715542472121765
1485,0.4368387211422169
1486,0.02683352163085415
1487,0.7216597547785896
1488,0.7339529459524479
1489,0.2369517481868666
1490,0.5366620275201818
1491,0.08810387383458668
1492,0.7315035313265484
1493,0.27424743208751357
1494,0.20977260624677257
1495,0.7868542527924849
1496,0.6352629230090626
1497,0.2370564212140428
1498,0.9272063031699747
1499,0.9185633514321578
1500,0.44909510827962135
1501,0.431888877947579
1502,0.6954460030594707
1503,0.5016200940878898
1504,0.22280506940327227
1505,0.2699826120684965
1506,0.4873568060608526
1507,0.4475572648724349
1508,0.16784001146177896
1509,0.16894911074907681
1510,0.31481877057016894
1511,0.3688216742999476
1512,0.6591294270313681
1513,0.5434717406706286
1514,0.8034143647518721
1515,0.07938275887116542
1516,0.3985065108056457
1517,0.7675654251256925
1518,0.26637791376005737
1519,0.6578920914627042
1520,0.16958043529601646
1521,0.8826113406072638
1522,0.2713623112859187
1523,0.9557980306474656
1524,0.9769165528202475
1525,0.6269181658987899
1526,0.42338696491625183
1527,0.5883892640449893
1528,0.6706852124801943
1529,0.5301498345739413
1530,0.762748359241495
1531,0.7714829189489247
1532,0.48016046320800243
1533,0.14716278237907476
1534,0.342412351048092
1535,0.539172823188441
1536,0.6496163162854078
1537,0.1467122382892581
1538,0.5501892187706424
1539,0.339979934405943
1540,0.6269227996463984
1541,0.830384131074519
1542,0.8619103828531082
1543,0.19383890136578058
1544,0.033021086040467704
1545,0.19206206605717613
1546,0.2957944766181848
1547,0.37761143560920885
1548,0.5717601454112392
1549,0.6541549909544215
1550,0.614856767757056
1551,0.738470053932959
1552,0.6499006484012863
1553,0.6804002435990547
1554,0.5948537624999718
1555,0.3740764324351802
1556,0.3222345314196361
1557,0.06703799761436044
1558,0.02309749486910815
1559,0.10764051763704885
1560,0.7106176034518114
1561,0.9352247487964678
1562,0.5504149221388769
1563,0.50040090946034
1564,0.18256647381631164
1565,0.223475957236758
1566,0.7531177981606892
1567,0.9792712347181064
1568,0.22592809434829347
1569,0.39034870396214966
1570,0.8801587662359664
1571,0.37828677384497456
1572,0.4032809980222562
1573,0.3794747688558924
1574,0.24168947985111744
1575,0.864371898072897
1576,0.822111403000851
1577,0.7871157071218939
1578,0.6710976036823659
1579,0.4112476789436179
1580,0.38581641866547345
1581,0.8194978191089743
1582,0.8967401994261259
1583,0.46032502886993826
1584,0.46360614601005845
1585,0.5786778599573988
1586,0.5267011310054384
1587,0.3597920841940388
1588,0.1578825794453922
1589,0.20895106474196234
1590,0.5492574349735612
1591,0.8615686449255234
1592,0.6105158546164009
1593,0.3365068783488626
1594,0.19158209486751626
1595,0.2916206625820045
1596,0.6991431699672659
1597,0.572822100703187
1598,0.33342742415427135
1599,0.15396465838207113
1600,0.1602340080879343
1601,0.5463540507717828
1602,0.6146017714202293
1603,0.5205200241854229
1604,0.3275438031313753
1605,0.3107092625862189
1606,0.31147144106529
1607,0.7381633035834841
1608,0.689840029866164
1609,0.7358801802147753
1610,0.5152088149348821
1611,0.23049234182103673
1612,0.21349665939409507
1613,0.2528236669790983
1614,0.5290304183732558
1615,0.7256892431365654
1616,0.7016648026752672
1617,0.5811626804805322
1618,0.4752312969385614
1619,0.709902015339572
1620,0.6872670394140382
1621,0.8865960880093271
1622,0.07188787352441617
1623,0.7353434980657743
1624,0.4219576312588734
1625,0.7915141619453837
1626,0.9629759101385281
1627,0.988637549414142
1628,0.34915695265140306
1629,0.26705185074836335
1630,0.3299048512094265
1631,0.16113714331272527
1632,0.17317407240973315
1633,0.5084632721440122
1634,0.5571409401245969
1635,0.4387849370296638
1636,0.4089504213131283
1637,0.6531235932008865
1638,0.8021430584332605
1639,0.333160016243801
1640,0.746516092174266
1641,0.16450370562554706
1642,0.05842354528085334
1643,0.08144034059431587
1644,0.29316140844259275
1645,0.15756404217604203
1646,0.6374736023245648
1647,0.9015277479629342
1648,0.05606128971828025
1649,0.6583275726008377
1650,0.27601299805752466
1651,0.36936637336627387
1652,0.8705728669378942
1653,0.8122412165346486
1654,0.8768711771328379
1655,0.23180702164498462
1656,0.6971157148778533
1657,0.006853796063147758
1658,0.9853459658089164
1659,0.5693389882751219
1660,0.35220868413807194
1661,0.9925468918567046
1662,0.815739395378922
1663,0.2746512344414257
1664,0.6891249552819435
1665,0.48608932334282245
1666,0.11477779604067567
1667,0.3754292619296955
1668,0.7217464426405865
1669,0.4995662795754857
1670,0.4706044874286611
1671,0.3987612695002367
1672,0.45581628142275554
1673,0.8293971445312798
1674,0.4200970790598017
1675,0.1779723264233391
1676,0.61203126413446
1677,0.11149325181582148
1678,0.6522406399923482
1679,0.26733681868996506
1680,0.36749339651958357
1681,0.07723232155786193
1682,0.38613014002546747
1683,0.7317527597266773
1684,0.4294643801756859
1685,0.7796243797123179
1686,0.7869891060035477
1687,0.5750075610178403
1688,0.387235564919287
1689,0.5632275597691614
1690,0.38761738460100015
1691,0.5288290340049672
1692,0.10926115069103126
1693,0.9291352501257135
1694,0.4027759968341324
1695,0.0004557544955632745
1696,0.947210879189859
1697,0.7452705240285069
1698,0.7274210148083496
1699,0.923007677077789
1700,0.9393983171905576
1701,0.12412548303948678
1702,0.9025001832529755
1703,0.3285878925924618
1704,0.8881166566582198
1705,0.41572716181337915
1706,0.10508469712573432
1707,0.3014786589804104
1708,0.8946574457434784
1709,0.4233087952252654
1710,0.433457259519307
1711,0.7628693952132032
1712,0.7928301488794756
1713,0.09414938769979592
1714,0.16523934895186715
1715,0.6811774229132346
1716,0.021520878372845314
1717,0.8695358525232602
1718,0.6008026357925316
1719,0.17861590665469412
1720,0.39885496639231943
1721,0.25360810375583376
1722,0.28666208402192117
1723,0.4791888850069494
1724,0.585751202752473
1725,0.5076811786687816
1726,0.657058305247135
1727,0.4041347358044091
1728,0.5889440108880334
1729,0.5215800585936902
1730,0.38940114021415406
1731,0.6216764904263208
1732,0.8191020644635433
1733,0.7021195276567762
1734,0.4254961536324759
1735,0.2792703206687249
1736,0.5952379297532869
1737,0.4392837272474928
1738,0.42979423441712367
1739,0.3961750875762346
1740,0.37462685401169626
1741,0.6895206897501244
1742,0.7064061480035811
1743,0.7955543825523116
1744,0.5748993766239864
1745,0.8222538656675127
1746,0.056100658237092364
1747,0.7992919627806822
1748,0.205939742563445
1749,0.05040855805435824
1750,0.5894003390833211
1751,0.5803757984752407
1752,0.7000094531263785
1753,0.7988708305288739
1754,0.49324701233661417
1755,0.5550516635865111
1756,0.5133922221037737
1757,0.4923347596836068
1758,0.5111815114656597
1759,0.6087161310367534
1760,0.6802770663128952
1761,0.17792538933668822
1762,0.9607901335496356
1763,0.029161085935909277
1764,0.5122137474915721
1765,0.2117490951423061
1766,0.08154570733371785
1767,0.6156706087814889
1768,0.5702518792984894
1769,0.237737643495132
1770,0.2526867349314287
1771,0.8493038778423758
1772,0.6393811968817986
1773,0.6619325394683342
1774,0.7029149894724476
1775,0.6886696873679465
1776,0.24683408412534175
1777,0.24089067368905087
1778,0.42280687708492865
1779,0.8548709896957982
1780,0.17334539761910006
1781,0.9726267365339064
1782,0.015775990585053613
1783,0.8572182770187458
1784,0.7462895021305198
1785,0.6919634427087655
1786,0.9147527750764952
1787,0.679443682125481
1788,0.16499576970267388
1789,0.05830638447781672
1790,0.35721024223575953
1791,0.7869031422617729
1792,0.507314973917851
1793,0.8670997983624555
1794,0.40150520623560426
1795,0.4003141650392192
1796,0.2564694138014587
1797,0.36579773403078697
1798,0.4223938245913117
1799,0.8897982482190516
1800,0.42301788781277644
1801,0.3204910292696262
1802,0.7593806697935896
1803,0.39542824717003244
1804,0.1562762758970902
1805,0.5736244142895187
1806,0.16577726458413594
1807,0.369035668107191
1808,0.7064347866921384
1809,0.9705621117145877
1810,0.9187793768616459
1811,0.5938240101162847
1812,0.1869535375901732
1813,0.09873771897613631
1814,0.3078357571754069
1815,0.3734979591114981
1816,0.3627514036976608
1817,0.8039589699488592
1818,0.019054391250940956
1819,0.9803685765345229
1820,0.009802863435459788
1821,0.8903782539024293
1822,0.8322959584804185
1823,0.028220083778693127
1824,0.8723843218692987
1825,0.3192818476279936
1826,0.3110311305963957
1827,0.4245964177729571
1828,0.5711413569238062
1829,0.4248854401152595
1830,0.32922959993584777
1831,0.273925255797234
1832,0.6777075544828466
1833,0.8450094277588603
1834,0.7765830757794538
1835,0.8340495212144163
1836,0.8416134933952528
1837,0.6955272927384895
1838,0.6400321014033975
1839,0.5611130019830628
1840,0.32921393483399386
1841,0.06110636173017846
1842,0.7299813489169558
1843,0.5675427656267087
1844,0.6000402325311762
1845,0.565357320382537
1846,0.03594896605732291
1847,0.07204435329302337
1848,0.765850450002606
1849,0.843645663119188
1850,0.5385974509675998
1851,0.31450363965662387
1852,0.8490183777280896
1853,0.04490661399454411
1854,0.5175844474166144
1855,0.8599946536031926
1856,0.539246920041587
1857,0.12686495100402484
1858,0.6413277199799646
1859,0.8121946113938687
1860,0.44936508710058315
1861,0.47295535934028476
1862,0.5555026847110907
1863,0.5467107579052566
1864,0.3025169083153497
1865,0.20574883962860913
1866,0.568119715976354
1867,0.5827404802564343
1868,0.46352652710448894
1869,0.6163542283319776
1870,0.780518015845394
1871,0.5804652066062965
1872,0.4451069823498348
1873,0.6104054076842264
1874,0.3310067576552212
1875,0.3480385997115298
1876,0.51015305879634
1877,0.49575771982578914
1878,0.5027150388245564
1879,0.31119953548949797
1880,0.3173461020044493
1881,0.5111930557821932
1882,0.8200716658438474
1883,0.8070743174714734
1884,0.7386831441165006
1885,0.37041486835450765
1886,0.4680430490245821
1887,0.3646216813506328
1888,0.5212658225691711
1889,0.48486377570783273
1890,0.38295774223209167
1891,0.44624818287591983
1892,0.37337727428757217
1893,0.38677624571875746
1894,0.2732865137652461
1895,0.3559094659533639
1896,0.5785448882801665
1897,0.6192637347323964
1898,0.44432160314004854
1899,0.40049104783026906
1900,0.47190266858757735
1901,0.7097713714900022
1902,0.8840168151041276
1903,0.8922288804301151
1904,0.656370351238871
1905,0.42395177110945076
1906,0.4193135636853425
1907,0.24680942781747517
1908,0.4035073800741892
1909,0.24190012902616737
1910,0.23549445867298618
1911,0.4577026518247807
1912,0.3619276834326272
1913,0.3547300433144578
1914,0.2172700071797572
1915,0.7822725993839748
1916,0.33092078684419346
1917,0.6599063266763426
1918,0.43364021872155756
1919,0.7710892361962667
1920,0.08760047126116594
1921,0.9826116233774248
1922,0.9228851046641134
1923,0.2511952002166983
1924,0.8831437722271975
1925,0.03138450388406218
1926,0.991909824414528
1927,0.04118820977035757
1928,0.07793924524004167
1929,0.8446695441502852
1930,0.78649338745167
1931,0.34235691385644795
1932,0.8078224714474607
1933,0.7192081441827483
1934,0.0775818889739412
1935,0.4197899779151079
1936,0.2442055673311611
1937,0.9920634761818904
1938,0.10749423621603738
1939,0.034647900475523595
1940,0.6965609805326384
1941,0.6375676294180229
1942,0.25200267026448475
1943,0.2330258742138827
1944,0.5386750519896162
1945,0.35565424858835293
1946,0.49329018579772704
1947,0.8424774753256302
1948,0.9299155337007923
1949,0.5115332005605937
1950,0.7073264741148383
1951,0.688639226986291
1952,0.7065275044006674
1953,0.12791566130179305
1954,0.02664485272441527
1955,0.5785877021540609
1956,0.297114752253233
1957,0.5097528829756134
1958,0.8343540827223932
1959,0.2623438514005768
1960,0.015256765296774225
1961,0.9540044717907187
1962,0.03479490130808207
1963,0.7707392713719006
1964,0.9991281165548483
1965,0.050635149817849515
1966,0.943281304495001
1967,0.42342842557151056
1968,0.17808493286287713
1969,0.7330335997433396
1970,0.5788148085864804
1971,0.8214727159680252
1972,0.11141660844813861
1973,0.48169534834812555
1974,0.7031670827895589
1975,0.45701221247442175
1976,0.06777920023441802
1977,0.33967518438277544
1978,0.05255620209165603
1979,0.9896271354643659
1980,0.3906868891550157
1981,0.9850826730857535
1982,0.826576201000049
1983,0.04997326916240373
1984,0.10831640440994073
1985,0.7911707195190564
1986,0.656780867822154
1987,0.6634380300893787
1988,0.5459442666627264
1989,0.8401056023241917
1990,0.4484278396457272
1991,0.14057788424575024
1992,0.4840635947476681
1993,0.24313120877913996
1994,0.3899870632439779
1995,0.7609621538830809
1996,0.8339616740794964
1997,0.6077154502216225
1998,0.3765603469525733
1999,0.43059676548753556
2000,0.32354322800135626
2001,0.25831432999364456
2002,0.22409727953778014
2003,0.6914407718296436
2004,0.4264670356484641
2005,0.22809910284687585
2006,0.35294774186225086
2007,0.4027913151641177
2008,0.5688741517347798
2009,0.5282737548819474
2010,0.5901875814139553
2011,0.4624249426091049
2012,0.4304271076673588
2013,0.5849289638156565
2014,0.7238314070171885
2015,0.6580364697571208
2016,0.4389596493747366
2017,0.3763784736267509
2018,0.5718319725107004
2019,0.5644282593144704
2020,0.40491635630404454
2021,0.3788192418155521
2022,0.4896669972580351
2023,0.4566053440807429
2024,0.2466668307646081
2025,0.18031621676180082
2026,0.1900486509108375
2027,0.4266674594810097
2028,0.8781490273699653
2029,0.9425137541190579
2030,0.8272979523670917
2031,0.7234489802542419
2032,0.7139627850630486
2033,0.7784557325617906
2034,0.7205239204401411
2035,0.4930949515086838
2036,0.2833556855173388
2037,0.8567088636437097
2038,0.10711407312996202
2039,0.4745280248461624
2040,0.8379567092663276
2041,0.04160788706145307
2042,0.4317946196874454
2043,0.9874491863696788
2044,0.16324734958804327
2045,0.05217445034171058
2046,0.5066936480099791
2047,0.6822475079415109
2048,0.3959250766726946
2049,0.116585600158568
2050,0.689233945334034
2051,0.3127960831691031
2052,0.24424840542072218
2053,0.76272462542678
2054,0.7939894671680789
2055,0.18521824825732391
2056,0.127956361267686
2057,0.8434668452368363
2058,0.9365120337403212
2059,0.23453823705217486
2060,0.046185329518473664
2061,0.30014411529775736
2062,0.1494400809151788
2063,0.21511512027994262
2064,0.3231678479575696
2065,0.25326318244891305
2066,0.8047347920902057
2067,0.9916212434773869
2068,0.9979115842872083
2069,0.9575833375318805
2070,0.7693291825677064
2071,0.1839405001312438
2072,0.9395059011286213
2073,0.7526613863688367
2074,0.11325201420716408
2075,0.1733370151335848
2076,0.20356861002757753
2077,0.7048242128983154
2078,0.2218536510465512
2079,0.6576937207341932
2080,0.002487357866152288
2081,0.03251912878308588
2082,0.5043291928105345
2083,0.8507265969068722
2084,0.9282639769896878
2085,0.06856926971170035
2086,0.362067412876528
2087,0.7668697936596797
2088,0.14307836678558267
2089,0.4820521619172866
2090,0.7812520693846412
2091,0.8440314550007779
2092,0.187767777742111
2093,0.8545958862005141
2094,0.35474830822163256
2095,0.6380182300556783
2096,0.0899981600747522
2097,0.9915130342280799
2098,0.687681460595736
2099,0.028396182215080754
2100,0.17576406519601312
2101,0.8577428462319141
2102,0.922425091405187
2103,0.856735465384078
2104,0.556097750877958
2105,0.31674617272647543
2106,0.3207540413148663
2107,0.3262344338891269
2108,0.2929050394192389
2109,0.10215104258789237
2110,0.06485046800684001
2111,0.6490270649801947
2112,0.960788190805517
2113,0.9458698626190926
2114,0.5291722948736174
2115,0.7787529112536571
2116,0.09325787299927707
2117,0.9997584173251909
2118,0.011011220080520995
2119,0.5279956056942545
2120,0.23876336533356934
2121,0.1405674437906292
2122,0.9787913957763753
2123,0.488766040317119
2124,0.7834575531251653
2125,0.005739571340049601
2126,0.1914279726133919
2127,0.649366764484836
2128,0.0237936274216905
2129,0.42711727879891837
2130,0.00729488771214969
2131,0.4432558033746954
2132,0.986074981804224
2133,0.9543634296747369
2134,0.4963618816600703
2135,0.7707870250997344
2136,0.21035272240710529
2137,0.14304224353105488
2138,0.7347074356161635
2139,0.9227806662123575
2140,0.4163903771684045
2141,0.8655640151343156
2142,0.16178648105591348
2143,0.9099224079924126
2144,0.40657300410310815
2145,0.7245570896680396
2146,0.39574960756944844
2147,0.7810543070383577
2148,0.35781043164681225
2149,0.7275190462579217
2150,0.09346931270780834
2151,0.8497472695757222
2152,0.22045305673784776
2153,0.2942844534836617
2154,0.526313780110655
2155,0.7224726337956524
2156,0.3917069330640197
2157,0.49791540132853235
2158,0.5909362879643029
2159,0.7780163798818319
2160,0.4580632528179467
2161,0.2109075212084301
2162,0.08647058467729563
2163,0.11491164975008655
2164,0.15983664565476252
2165,0.972405115764145
2166,0.5446446909376217
2167,0.7917902790070397
2168,0.2438497367014721
2169,0.08483903471391285
2170,0.32213701743567114
2171,0.29713002729076154
2172,0.4100687129776952
2173,0.6055115215247894
2174,0.15761978037837765
2175,0.36396542395252945
2176,0.8738295623510709
2177,0.1042481933195028
2178,0.9704195030636927
2179,0.8917329561348151
2180,0.5493866718117338
2181,0.2998719130084546
2182,0.3443460472996135
2183,0.6544537257506089
2184,0.8525041287856047
2185,0.7713071240151259
2186,0.6394273776081592
2187,0.42251865356371415
2188,0.0791965854335917
2189,0.9929082155186506
2190,0.6039636034881877
2191,0.09383082316664432
2192,0.7467865091894859
2193,0.9569477040285056
2194,0.7374530649532991
2195,0.9993383263696842
2196,0.7540522935279839
2197,0.06042734589272389
2198,0.036574163388067994
2199,0.21738095764145454
2200,0.4662822534116232
2201,0.35774892578545514
2202,0.37943759993147813
2203,0.060007415664175744
2204,0.4774286610907427
2205,0.1274664352841985
2206,0.2591130296034632
2207,0.2450101167596076
2208,0.621784519526465
2209,0.167335819005396
2210,0.15013882456451205
2211,0.4468262599901576
2212,0.16527105820574256
2213,0.5302092315654489
2214,0.960179871410768
2215,0.9193955802381397
2216,0.00946013027823314
2217,0.728779901790916
2218,0.6476637604979286
2219,0.8109922937267189
2220,0.9219241030237455
2221,0.8281913726703026
2222,0.12421088719892392
2223,0.6195109791223813
2224,0.2755979577987264
2225,0.8015720284089567
2226,0.2765942698576688
2227,0.2070855115314149
2228,0.6282606618309335
2229,0.708418538428339
2230,0.7988256200707567
2231,0.4493012354231207
2232,0.9716094884327144
2233,0.04421486003850404
2234,0.6452483425570054
2235,0.5026915986918835
2236,0.2551859631980781
2237,0.6380949661549686
2238,0.9078916630191478
2239,0.3322239254748566
2240,0.08472487408762147
2241,0.417839595787335
2242,0.2508255980787647
2243,0.4482192948670947
2244,0.6085234424917951
2245,0.468471690514208
2246,0.5002841868202206
2247,0.580462381762373
2248,0.6026307232949217
2249,0.6238251633333547
2250,0.2670278910610679
2251,0.12535202237076898
2252,0.6845937444181908
2253,0.6937956276893193
2254,0.4829854676259988
2255,0.446930358286356
2256,0.4935414428424188
2257,0.9015391130924613
2258,0.928655055264742
2259,0.7609995074916497
2260,0.43159511977902887
2261,0.3385446564455127
2262,0.2253018400637833
2263,0.1806705947613907
2264,0.09906863190544468
2265,0.045692603332437
2266,0.2586935867313771
2267,0.8994256524789891
2268,0.9821589675554026
2269,0.3773224525379091
2270,0.4950145116912547
2271,0.017034085233908754
2272,0.7660804415917055
2273,0.5858313239220481
2274,0.883967195326818
2275,0.06055943388460863
2276,0.4999292334505304
2277,0.833870114304622
2278,0.9905977566052581
2279,0.43605174401591995
2280,0.9159049679036217
2281,0.849391430745768
2282,0.19723398813664622
2283,0.7481529594572762
2284,0.8875577846278968
2285,0.05697101544225069
2286,0.0029316035387323626
2287,0.5600810167603106
2288,0.5671302144043538
2289,0.30759050355754913
2290,0.28283075972638044
2291,0.06999576255427606
2292,0.8674609607115269
2293,0.41974975246564783
2294,0.3159762659977978
2295,0.8491312189394381
2296,0.867869527801328
2297,0.007720454831935958
2298,0.9156248138764849
2299,0.723703349420354
2300,0.047093853936539636
2301,0.5525839801200223
2302,0.8450445700716975
2303,0.45027699716205016
2304,0.04504463170577238
2305,0.7820056779943723
2306,0.6469555824451656
2307,0.485299539449257
2308,0.5890976311092595
2309,0.6193332687102542
2310,0.36267405159234245
2311,0.23895778316021138
2312,0.735177736392734
2313,0.9353053275352979
2314,0.7005644629472763
2315,0.26893523790263807
2316,0.5998484935384496
2317,0.24379554698492
2318,0.10654994956940572
2319,0.21571784647340486
2320,0.4188218540550444
2321,0.3881798294232376
2322,0.4506194310430422
2323,0.5609121675574447
2324,0.6476361423866996
2325,0.4498845069294969
2326,0.961024127159946
2327,0.011571091306580603
2328,0.71099332898685
2329,0.3363810682183773
2330,0.1958856531830182
2331,0.9819636583643168
2332,0.8618918904999642
2333,0.6359060628884615
2334,0.3634921022289437
2335,0.6097851475656452
2336,0.9558136522876912
2337,0.25092602910490125
2338,0.2887842191883111
2339,0.8268695376371131
2340,0.7145181057886716
2341,0.36164972660779243
2342,0.36151858748289845
2343,0.8639869434543423
2344,0.0016544174932448341
2345,0.8786523879569161
2346,0.9550123462079608
2347,0.767586963667241
2348,0.76816891301692
2349,0.20604877792091847
2350,0.514807667019745
2351,0.0789856481519206
2352,0.5891075483383632
2353,0.46088127725619166
2354,0.18184271175880434
2355,0.3118500114347388
2356,0.4991310018219055
2357,0.34286949622935325
2358,0.06771502624212061
2359,0.3351989897997373
2360,0.49459275626727595
2361,0.9574088666713182
2362,0.06004763051324328
2363,0.7501984533932557
2364,0.5229803377906348
2365,0.34074303579074794
2366,0.6528454806215582
2367,0.8603977282223989
2368,0.36827505736374155
2369,0.31369017488641504
2370,0.19120287250748286
2371,0.3113180446762426
2372,0.2750061542912693
2373,0.171800988475173
2374,0.6040657662621439
2375,0.6508878293802087
2376,0.5943825840751394
2377,0.6190012195502852
2378,0.42445671618892034
2379,0.8611651992186178
2380,0.10905501041836507
2381,0.9909918774293018
2382,0.21438231288689952
2383,0.5859567094625636
2384,0.8474460841935518
2385,0.641602687906433
2386,0.5564759265783459
2387,0.8345783648607619
2388,0.7892837708299794
2389,0.6519309552852065
2390,0.44044577717549016
2391,0.3252160260886164
2392,0.23171269775830006
2393,0.23678649450131795
2394,0.34142114447964045
2395,0.8879812019556551
2396,0.7199285411403615
2397,0.5025995133088539
2398,0.5748018273602439
2399,0.8291603507764146
2400,0.45069629749523815
2401,0.2602207928918703
2402,0.5442357532192356
2403,0.044804735992361636
2404,0.18435977700798334
2405,0.5412972408046349
2406,0.1658875302706102
2407,0.16361046241978655
2408,0.829905989751927
2409,0.04447112409014762
2410,0.4116319719195502
2411,0.15067460390100046
2412,0.842129353494397
2413,0.06692973316031617
2414,0.7725338553943295
2415,0.8791819257919273
2416,0.43855293953592533
2417,0.5940366617934043
2418,0.5829295136616587
2419,0.8545600626913215
2420,0.23594239392574295
2421,0.5449334039344857
2422,0.9231665197970478
2423,0.7482769443395796
2424,0.27595806390270294
2425,0.27535035203620434
2426,0.4826625682075859
2427,0.6432948172897509
2428,0.8785431790292682
2429,0.9383545667979688
2430,0.6810269397940669
2431,0.21834080662333782
2432,0.46020368696083186
2433,0.7429621137943753
2434,0.7335868791987343
2435,0.29254437841654735
2436,0.2981146122115045
2437,0.3640564927461469
2438,0.5709552616261443
2439,0.5512639748336585
2440,0.20598250033470006
2441,0.07652775942313488
2442,0.2823655615639675
2443,0.5717398618954697
2444,0.9847363597408899
2445,0.27710327616769825
2446,0.2854819491188444
2447,0.2003257922617116
2448,0.1422064707529242
2449,0.6067025553064884
2450,0.8407747954806656
2451,0.422420079346044
2452,0.1011529058934405
2453,0.18999232674133487
2454,0.5225069573062332
2455,0.4453886855440909
2456,0.5935080548205377
2457,0.7927272188197785
2458,0.8019262754826862
2459,0.6562358973353716
2460,0.6720196488762763
2461,0.6437903736277425
2462,0.6818298888098504
2463,0.5696711458600494
2464,0.6716086982125391
2465,0.36771944880493124
2466,0.18091892815007443
2467,0.043371623029510996
2468,0.34877293242721275
2469,0.6295379505802416
2470,0.8918660027542223
2471,0.9855224439725048
2472,0.29018535980841814
2473,0.8146086001891841
2474,0.03276521953565077
2475,0.29641357434565263
2476,0.955329868029063
2477,0.03412771134621152
2478,0.4045690679888851
2479,0.41306072543572747
2480,0.5527799731248414
2481,0.9085000197383966
2482,0.8518368002127821
2483,0.8871822016200807
2484,0.11273841781833605
2485,0.004024416491717374
2486,0.9861077692879232
2487,0.08961704752119176
2488,0.38659555468942847
2489,0.14003547480319145
2490,0.15725227518624352
2491,0.6438142082234994
2492,0.9186494510078562
2493,0.5346894136542202
2494,0.2032008286302468
2495,0.8077060680420824
2496,0.33697996304395905
2497,0.7890231415991782
2498,0.8373076361303641
2499,0.0202334000385997
2500,0.32278510431902785
2501,0.0945635495291639
2502,0.5219563262817356
2503,0.892128950375062
2504,0.33937068967943607
2505,0.12824798004270432
2506,0.7776320557722863
2507,0.6285728190195237
2508,0.7745467844336413
2509,0.21092115562831493
2510,0.9144582774508163
2511,0.926891061486511
2512,0.4322979243975275
2513,0.6614211522491453
2514,0.930352865965171
2515,0.48014270524811936
2516,0.06818927041611529
2517,0.9657414650375556
2518,0.6171266735496026
2519,0.02986493032664742
2520,0.4517976176347252
2521,0.9327210823830768
2522,0.6023779186956227
2523,0.04168863652312965
2524,0.07554986320491802
2525,0.2653596595023672
2526,0.741963762010154
2527,0.8786163137311429
2528,0.8406964334340704
2529,0.5557683282059362
2530,0.11347792087518349
2531,0.23331743316262288
2532,0.8964996005731665
2533,0.6282806938437884
2534,0.19160241939388545
2535,0.3207241826948613
2536,0.3867132842445885
2537,0.3137153974976787
2538,0.6946310122319643
2539,0.3378198163154005
2540,0.32060003077438803
2541,0.6595725522025435
2542,0.7640616729066902
2543,0.3988789584049917
2544,0.6992650632598354
2545,0.29549221608342163
2546,0.3201238388894575
2547,0.4398019998043638
2548,0.44504625471790105
2549,0.11107305873376283
2550,0.24170840898532125
2551,0.5233414487818733
2552,0.7613918495823244
2553,0.7744504117743952
2554,0.7254375446876525
2555,0.6592501793347221
2556,0.34771750786049804
2557,0.6423075440566379
2558,0.2692378491253198
2559,0.6729501932481179
2560,0.7746938269420193
2561,0.41906175533856027
2562,0.8035481221153444
2563,0.4744817058851692
2564,0.43445442312046273
2565,0.5040846866969876
2566,0.4139717076835166
2567,0.3179864743939841
2568,0.7221731826604184
2569,0.4882982178622112
2570,0.2508501722029015
2571,0.9211577439856584
2572,0.6330911094149176
2573,0.13665229391992212
2574,0.39969732725930085
2575,0.5088358061386964
2576,0.08317146081576865
2577,0.08428321832344543
2578,0.44786011133144965
2579,0.7018732632853595
2580,0.6943898282906256
2581,0.5928666727313356
2582,0.4261047879817973
2583,0.3443754741871522
2584,0.404737393907968
2585,0.43977447124194846
2586,0.985563402209859
2587,0.307523012408485
2588,0.3082122911993105
2589,0.7344785146973786
2590,0.3610659995447038
2591,0.9454086668736718
2592,0.8343471652338488
2593,0.22676005746468414
2594,0.5470304852333021
2595,0.38005440045014793
2596,0.28812418769578063
2597,0.6534369067568854
2598,0.7774296649200709
2599,0.39741757641253794
2600,0.6016975628678
2601,0.6466834429505397
2602,0.35150445186445456
2603,0.11906492978830957
2604,0.27869747268398726
2605,0.40908053432987374
2606,0.4484650911514936
2607,0.35698504454116353
2608,0.2138631801655631
2609,0.3361855919779123
2610,0.6234431041298923
2611,0.7326523840395358
2612,0.8667053066202295
2613,0.8309613003062302
2614,0.3279039795706238
2615,0.443630438825958
2616,0.45150769778526245
2617,0.4912760643120233
2618,0.7571221358242395
2619,0.6518725044786131
2620,0.8796864411321258
2621,0.6454035379204928
2622,0.7195852147148851
2623,0.18095439145920428
2624,0.3654409896950472
2625,0.4355104022069079
2626,0.026406731724368287
2627,0.5704551241544192
2628,0.23353394149416612
2629,0.11909815544077246
2630,0.2976753428321986
2631,0.6698222782189223
2632,0.6618683778444221
2633,0.7821148893244575
2634,0.5403845968342273
2635,0.8540477858243316
2636,0.2137434008092461
2637,0.08630589152088058
2638,0.8397850595602765
2639,0.3777175882717497
2640,0.14980605002837688
2641,0.5694208485107395
2642,0.6741477634976282
2643,0.18704136111228492
2644,0.5933011919127956
2645,0.9904519468795572
2646,0.7967870483017978
2647,0.1484745334556865
2648,0.6347572339879303
2649,0.9967158288244368
2650,0.019566161678031827
2651,0.6998037697061421
2652,0.6505755838253224
2653,0.760845939451062
2654,0.00023940030125388457
2655,0.9965680197428511
2656,0.6405918342050705
2657,0.1966238767381862
2658,0.008468959227358689
2659,0.6419701429293491
2660,0.11548252981271578
2661,0.586812782994391
2662,0.12244067595661418
2663,0.734296256006248
2664,0.19998482073342594
2665,0.08948724699491362
2666,0.7957330035647054
2667,0.9453165095590814
2668,0.6541958954197209
2669,0.49711316410468986
2670,0.8267774850593248
2671,0.8310326819854412
2672,0.889950141583605
2673,0.9425615175895058
2674,0.22984116526973836
2675,0.09425523651771445
2676,0.08360856805127537
2677,0.04113635413094872
2678,0.846871758470384
2679,0.8643708526700807
2680,0.6001869168948626
2681,0.7340457094701137
2682,0.32039528657574956
2683,0.48819896800097123
2684,0.6525790506048696
2685,0.14999870833322004
2686,0.9414859637285973
2687,0.6787194802074544
2688,0.18993543285315945
2689,0.718083613889427
2690,0.9607630741314211
2691,0.0065875663764808955
2692,0.3014302509032823
2693,0.820579374556324
2694,0.2592740730272187
2695,0.257959285511057
2696,0.739694036472894
2697,0.6462034597722582
2698,0.13788879222594175
2699,0.18829644824058722
2700,0.6043523749959918
2701,0.6330542234142595
2702,0.553855444673506
2703,0.4481576660738403
2704,0.6556504192208726
2705,0.24137980353432925
2706,0.11271383990560846
2707,0.6766742668868219
2708,0.8283950874372077
2709,0.5098400029569474
2710,0.4695234255699027
2711,0.46874132072958974
2712,0.3208758972761524
2713,0.5426344354451226
2714,0.8446251478133384
2715,0.5889747778831479
2716,0.34683091922733555
2717,0.17320159090482934
2718,0.1889861805188519
2719,0.2955591139696572
2720,0.5751918875787206
2721,0.7757602469434388
2722,0.7207817953763582
2723,0.6913218284734424
2724,0.8339249730804237
2725,0.18002296876018742
2726,0.9385333878269736
2727,0.16714217928000163
2728,0.6640706655415327
2729,0.7642620010789607
2730,0.280195051513068
2731,0.6359860228219003
2732,0.6264535808106184
2733,0.8211301635050087
2734,0.3896101162514426
2735,0.4992549335613018
2736,0.5444584880201501
2737,0.3856077271779724
2738,0.4219984777821052
2739,0.7259954443217158
2740,0.49245523355925275
2741,0.3432392726722565
2742,0.16588338100766487
2743,0.30815771473041775
2744,0.44323436198840416
2745,0.1563258628234911
2746,0.1810502939670846
2747,0.21729844798238257
2748,0.2358180506605806
2749,0.24216364684606184
2750,0.4590997107740241
2751,0.3977630232002044
2752,0.49906234276470873
2753,0.5777650107765021
2754,0.6616450223754006
2755,0.7728547176919651
2756,0.6461600203251912
2757,0.5599910699218253
2758,0.6575157753649664
2759,0.33277063337483226
2760,0.9915106339096068
2761,0.18896016636199203
2762,0.9535488996675731
2763,0.9503922597758752
2764,0.013646800687827608
2765,0.7463999943405407
2766,0.8425266668655311
2767,0.6687965234927266
2768,0.8362028592503326
2769,0.9525434593187868
2770,0.6120390942480195
2771,0.2248241938582376
2772,0.42610649983714094
2773,0.5709271093002853
2774,0.4253654720604367
2775,0.10265057732513905
2776,0.12582324766729774
2777,0.23541940415739626
2778,0.24129378576640115
2779,0.14783045464212058
2780,0.2299231027453108
2781,0.6870656077533059
2782,0.05729845172583037
2783,0.6676114376660698
2784,0.821836288614216
2785,0.0010406814084555367
2786,0.9098424430929966
2787,0.6889883603433256
2788,0.36163397649115103
2789,0.9788308391249673
2790,0.1183199516036682
2791,0.7035170571434464
2792,0.0006385252048308307
2793,0.9759952362972203
2794,0.528750182095166
2795,0.27282145792859697
2796,0.08315470059411284
2797,0.563166887808254
2798,0.8248688020625268
2799,0.9632126507487146
2800,0.959569789142498
2801,0.9923758110265608
2802,0.5081839249672653
2803,0.4171395401410912
2804,0.9699518271432807
2805,0.3526130201537986
2806,0.04205302189592188
2807,0.9444148855717477
2808,0.026836923501053173
2809,0.8759095644750783
2810,0.9187468940243431
2811,0.19405089270928955
2812,0.043076016047550264
2813,0.4201609603584582
2814,0.00884905000940463
2815,0.9697607368888407
2816,0.2338455637987783
2817,0.1682840391899404
2818,0.29383761072979164
2819,0.7104619133771128
2820,0.19240283785770085
2821,0.2784502453190487
2822,0.652160241248112
2823,0.35472047814087565
2824,0.2948145103737939
2825,0.8339843197367316
2826,0.8707054993457911
2827,0.7901918186395214
2828,0.17033289764533255
2829,0.393178209383457
2830,0.4096432439822726
2831,0.7411120739080388
2832,0.008209842838080909
2833,0.8942537875938891
2834,0.23513237864546033
2835,0.14560230507704802
2836,0.77628010798552
2837,0.9624583980224547
2838,0.4947469550258956
2839,0.7075822771977667
2840,0.938897447897783
2841,0.011986193643583307
2842,0.918044341460102
2843,0.334977220989259
2844,0.36348882171968533
2845,0.9613759266999041
2846,0.6236113479948272
2847,0.18738952111134977
2848,0.7389249606499484
2849,0.48870934089742385
2850,0.7531785619775186
2851,0.7423249110708913
2852,0.4102030768652738
2853,0.321986712911612
2854,0.17720652412540594
2855,0.1165550744520712
2856,0.3661436163540315
2857,0.8818299276920097
2858,0.7636828993239626
2859,0.35484929060619885
2860,0.25575415986971284
2861,0.21789637078592528
2862,0.18464856143345748
2863,0.34838955589856613
2864,0.3849167430491238
2865,0.24457367506824457
2866,0.1793085901712751
2867,0.10300672128347227
2868,0.47201364010531843
2869,0.6394705835379277
2870,0.7031254537297293
2871,0.6664461100942463
2872,0.7020290064282737
2873,0.8512034392716886
2874,0.9445043495682536
2875,0.9857465412322012
2876,0.7965730117436881
2877,0.8489540771021151
2878,0.45424844421293803
2879,0.7122173988067654
2880,0.01250284319116817
2881,0.8460767158164636
2882,0.17059571813428243
2883,0.26909247533132735
2884,0.8570112579118967
2885,0.350387682292868
2886,0.028680237542319673
2887,0.22865149084150982
2888,0.6891459638470636
2889,0.7907063408379452
2890,0.7400720351517104
2891,0.8984252281004503
2892,0.06924121756516825
2893,0.021874200170416566
2894,0.23195291308077515
2895,0.9410939972959212
2896,0.28636435549048495
2897,0.07730159534989503
2898,0.9746727906164134
2899,0.028069915558147914
2900,0.7398584541561907
2901,0.685107518135581
2902,0.722394824864403
2903,0.4079200326987665
2904,0.3871732334095167
2905,0.7885474786645632
2906,0.5175404702583459
2907,0.09840898979108609
2908,0.17015138049634893
2909,0.7751554068676609
2910,0.8966645621600463
2911,0.7539432529591953
2912,0.7697245585548822
2913,0.3088220517026
2914,0.1704946119578018
2915,0.2829046632451861
2916,0.5866297729505059
2917,0.49848762585936324
2918,0.3417777312905795
2919,0.5939952607840339
2920,0.446738256609752
2921,0.6203121112701477
2922,0.6195495446199073
2923,0.4723551552229245
2924,0.7991831516617843
2925,0.3441488412686917
2926,0.6773752975035658
2927,0.6583533011830941
2928,0.34124236143414366
2929,0.7229482249303679
2930,0.7778781432827396
2931,0.6342924624285831
2932,0.030390664507268034
2933,0.1994540110737692
2934,0.2901100348447888
2935,0.15852215416393745
2936,0.32405964954060856
2937,0.5203527534094017
2938,0.45032191273949795
2939,0.4026641341477931
